{
"update_url": "https://clients2.google.com/service/update2/crx",

  "manifest_version": 2,

  "name": "Movies Showtimes",
  "description": "This extension demonstrates the showtimes near you",
  "version": "1.0.7",
  "permissions": [
    "http://showtimes.tiagomestre.pt/",
    "storage",
    "notifications",
    "background"
  ],
  "icons": { 
		"32": "Popcorn - All-png.png",
		"48": "Popcorn - All-png.png",
		"128": "Popcorn - All-png.png" 
	},
  "options_page": "options.html",
  "browser_action": {
    "default_icon": "Popcorn - All-png.png",
    "default_popup": "popup_1.html"
  },
  "content_security_policy": "script-src 'self' 'unsafe-eval'; object-src 'self'"
}