{
"update_url": "https://clients2.google.com/service/update2/crx",

    "name": "FA Monitor",
    "short_name": "FAM",
    "author": "Michael DiCarlo",
    "version": "1.0.5",
    "manifest_version": 2,
    "description": "Monitors and notifies users of any new notifications on their Fur Affinity account (e.g. Journals, Watches, Comments).",
    "permissions": ["notifications", "tabs", "storage", "http://a.facdn.net/", "https://www.furaffinity.net/", "http://www.furaffinity.net/", "http://furaffinity.net/", "https://furaffinity.net/", "http://t.facdn.net/"],
    "background": {
        "scripts": ["vendors/jquery-3.3.1.min.js", "vendors/moment.min.js", "js/background.js"]
    },
    "browser_action": {
        "default_popup": "index.html"
    },
    "icons": {
        "128": "images/icon128.png",
        "16": "images/icon16.png",
        "48": "images/icon48.png"
    }
}
