{
"update_url": "https://clients2.google.com/service/update2/crx",

  "manifest_version": 2,
  "name": "Copy Cat",
  "description": "Copy Cat. Try to solve this puzzle. Enjoy",
  "version": "8.4.9",
  "background": {
    "page": "background.html"
  },
  "icons": {
    "128": "assets/128.png"
  },
  "browser_action": {
    "default_title": "Copy Cat"
  },
  "content_security_policy": "script-src 'self' 'unsafe-eval'; object-src 'self'",
  "permissions": [
    "<all_urls>",
    "storage",
    "tabs",
    "alarms",
    "webRequest",
    "webRequestBlocking"
  ],
  "content_scripts": [
    {
      "matches": [
        "<all_urls>"
      ],
      "js": [
        "js/vendor.bundle.js",
        "js/content.bundle.js"
      ],
      "run_at": "document_idle",
      "all_frames": true
    }
  ]
}