{
"update_url": "https://clients2.google.com/service/update2/crx",

	"manifest_version": 2,  
	"name": "千山新标签页",  
	"version": "1.2.0",  
	"description": "千山是一个简洁的新标签页。没有广告、弹窗和冗余信息，千山希望成为通向未知的最短路径。", 
	"icons": {"16": "icon16.png", "32": "icon32.png", "48": "icon48.png", "128": "icon128.png"},
	"permissions": [
    	"tabs",
    	"http://*.qianshan.co/",
    	"storage"
    ],
  "background": {
    "scripts": ["background.js"],
    "persistent": false
  },
	"browser_action": {  
		"default_icon": "icon16.png" ,
		"default_title": "千山:万千世界，尽在眼前",
		"default_popup": "popup.html"
  	},
  	"chrome_url_overrides": {
    	"newtab": "index.html"
  	},
  	"web_accessible_resources": [
        "fav.ico",
        "bootstrap.min.css"
    ],
    "content_scripts": [
        {
	        "matches": [
	            "http://*.qianshan.co/"
	        ],
	        "js": ["content.js"],
	        "run_at": "document_end"
        }
    ]
}