{
"update_url": "https://clients2.google.com/service/update2/crx",
"manifest_version":2,"theme":{"images":{"theme_frame":"images\/theme_frame.jpeg","theme_toolbar":"images\/theme_toolbar.jpeg","theme_tab_background":"images\/theme_tab_background.jpeg","theme_ntp_background":"images\/theme_ntp_background.jpeg"},"colors":{"frame":[66,116,201],"toolbar":[213,118,118],"tab_text":[213,213,213],"tab_background_text":[203,203,203],"bookmark_text":[213,213,213],"ntp_background":[255,255,255],"ntp_text":[213,213,213],"button_background":[213,118,118,1]},"tints":{"buttons":[0.94,0.86,0.59]},"properties":{"ntp_background_alignment":"bottom","ntp_background_repeat":"no-repeat"}},"name":"Pierce The Veil Theme","version":"1","description":""}