{
"update_url": "https://clients2.google.com/service/update2/crx",

    "name": "Captur",
    "author": "Pankaj Prakash Shinde (ps00475391@techmahindra.com)",
    "version": "1.0",
    "description": "This Add-In helps you to take screenshot while executing your flow and export them to word file to email it further",
    "manifest_version": 2,
    "permissions": ["tabs","<all_urls>", "storage", "unlimitedStorage"],
    "background": {
      "scripts": ["background.js"],
      "persistent": false
    },
    "content_scripts": [
       {
         "matches": ["<all_urls>"],
         "js": ["jquery.min.js", "FileSaver.js", "jquery.wordexport.js", "underscore.js", "script.js"],
         "css": [ "styles.css" ]
       }
    ],
    "icons": { "16": "icons/icon_on-19.png",
           "48": "icons/icon_on-19.png",
          "128": "icons/icon_on-19.png" },
    "browser_action": {
        "default_icon": "icons/icon_off-19.png"
    },
     "web_accessible_resources": [
      "jquery.min.js",
      "FileSaver.js",
      "jquery.wordexport.js",
      "underscore.js"
    ]
  }