{
"update_url": "https://clients2.google.com/service/update2/crx",
"name":"Spider-Man Desktop Wallpaper","version":"1.0","description":"","manifest_version":2,"theme":{"images":{"theme_frame":"images\/theme_frame.png","theme_toolbar":"images\/theme_toolbar.png","theme_tab_background":"images\/theme_tab_background.png","theme_ntp_background":"images\/theme_ntp_background.png"},"colors":{"frame":[125,38,29],"toolbar":[171,114,108],"tab_text":[216,216,214],"tab_background_text":[125,38,29],"bookmark_text":[216,216,214],"ntp_background":[255,255,255],"ntp_text":[216,216,214],"button_background":[203,203,203,0.9]},"tints":{"buttons":[0,0,0.44]},"properties":{"ntp_background_alignment":"bottom","ntp_background_repeat":"no-repeat"}}}