{
"update_url": "https://clients2.google.com/service/update2/crx",
 
	"manifest_version": 2,

	"name": "BatchBasket - Batch Saving to Pocket",
	"short_name": "BatchBasket",
	"description": "Save multiple links to Pocket at once from highlighted tabs, highlighted text or pasting urls. Compatible with The Great Suspender.",
	"version": "1.1.1",
	"icons": { 
		"128": "img/icon128.png" 
	},
	"browser_action": {
		"default_title": "Batch Save to Pocket",
		"default_icon": {                    
			"19": "img/icon128.png",          
			"38": "img/icon128.png"          
		},
		"default_popup": "popup.html"		
	},
	"background": {
    	"scripts": ["js/pocket-auth.js"],
    	"persistent": false
  	},
	"permissions": [
		"activeTab",
		"storage",
		"background",
        "tabs",
        "https://getpocket.com/v3/send",
        "https://getpocket.com/v3/oauth/request"
    ],
    "web_accessible_resources": [
	    "pocket-auth-page.html"
  	]
}