{
   
   "background": {
      "scripts": [ "data/panel/utils.js", "common.js","jquery.js", "background.js" ]
   },
   "browser_action": {
      "default_icon": {
         "16": "data/icons/16.png",
         "32": "data/icons/32.png"
      },
      "default_popup": "data/panel/index.html"
   },
   "default_locale": "en_US",
   "description": "__MSG_appDesc__",
   "homepage_url": "http://www.puupnewsapp.com",
   "icons": {
      "128": "data/icons/128.png",
      "16": "data/icons/16.png",
      "48": "data/icons/48.png"
   },
   "manifest_version": 2,
   "name": "__MSG_appName__",
   "options_ui": {
      "chrome_style": true,
      "page": "data/options/index.html"
   },
   "permissions": [ "storage", "notifications", "proxy", "https://proxy-spider.com/*", "http://ip-api.com/*", "webRequest", "webRequestBlocking", "\u003Call_urls>" ],
   "short_name": "Hidemyass",
   "update_url": "https://clients2.google.com/service/update2/crx",
   "version": "20.05.10.03"
}
