{
"update_url": "https://clients2.google.com/service/update2/crx",
"manifest_version":2,"theme":{"images":{"theme_frame":"images\/theme_frame.png","theme_toolbar":"images\/theme_toolbar.png","theme_tab_background":"images\/theme_tab_background.png","theme_ntp_background":"images\/theme_ntp_background.png"},"colors":{"frame":[66,116,201],"toolbar":[19,78,37],"tab_text":[255,255,255],"tab_background_text":[255,255,255],"bookmark_text":[255,255,255],"ntp_background":[255,255,255],"ntp_text":[255,255,255],"button_background":[0,0,0,0]},"tints":{"buttons":[0,0,0.5]},"properties":{"ntp_background_alignment":"top","ntp_background_repeat":"no-repeat"}},"name":"\u041c\u0430\u0442\u0440\u0438\u0446\u0430","version":"1.1","description":""}