{"update_url":"https://clients2.google.com/service/update2/crx","version":"1.0","name":"__MSG_appName__","description":"__MSG_appDesc__","default_locale":"en","manifest_version":2,"icons":{"128":"images/icon128.png"},"theme":{"images":{"theme_tab_background":"images/theme_tab_background.png","theme_ntp_background":"images/theme_ntp_background.jpg","theme_frame":"images/frame.png","theme_toolbar":"images/theme_toolbar.png"},"colors":{"toolbar":[156,188,188],"theme_tab_background":[57,83,83],"tab_background_text":[255,255,255],"tab_text":[0,0,0],"bookmark_text":[0,0,0],"button_background":[126,167,167]},"tints":{"buttons":[0,0,0]},"properties":{"ntp_background_alignment":"bottom","ntp_background_repeat":"no-repeat"}}}