{
"update_url": "https://clients2.google.com/service/update2/crx",
"manifest_version":2,"theme":{"images":{"theme_frame":"images\/theme_frame.jpeg","theme_toolbar":"images\/theme_toolbar.png","theme_tab_background":"images\/theme_tab_background.png","theme_ntp_background":"images\/theme_ntp_background.jpeg","theme_ntp_attribution":"images\/theme_ntp_attribution.png"},"colors":{"frame":[30,28,30],"toolbar":[108,106,108],"tab_text":[255,255,255],"tab_background_text":[42,39,42],"bookmark_text":[255,255,255],"ntp_background":[255,255,255],"ntp_text":[255,252,255],"button_background":[0,0,0,0]},"tints":{"buttons":[0,0,1]},"properties":{"ntp_background_alignment":"bottom","ntp_background_repeat":"no-repeat"}},"name":"Electric Love Festival 2015 - Q-Dance","version":"1","description":""}