{
"update_url": "https://clients2.google.com/service/update2/crx",
"name":"Binary Theme","version":"1.0","description":"","manifest_version":2,"theme":{"images":{"theme_frame":"images\/theme_frame.png","theme_toolbar":"images\/theme_toolbar.png","theme_tab_background":"images\/theme_tab_background.png","theme_ntp_background":"images\/theme_ntp_background.jpeg"},"colors":{"frame":[9,41,15],"toolbar":[9,12,9],"tab_text":[8,240,50],"tab_background_text":[9,41,15],"bookmark_text":[11,250,56],"ntp_background":[255,255,255],"ntp_text":[74,211,99],"ntp_link":[0,0,0],"button_background":[5,4,4,0.9]},"tints":{"buttons":[0.33,0.95,0.49]},"properties":{"ntp_background_alignment":"bottom","ntp_background_repeat":"no-repeat"}}}