{
"update_url": "https://clients2.google.com/service/update2/crx",

  "manifest_version": 2,

  "name": "Elevar GTM Event Builder",
  "description": "Browser extension for Google Tag Manager",
  "homepage_url": "https://getelevar.com",
  "version": "1.5.5",
  "version_name": "1.5.5",
  "minimum_chrome_version": "73",
  "incognito": "split",
  "web_accessible_resources": ["web_accessible_resources/*"],

  "permissions": [
    "webNavigation",
    "tabs",
    "storage",
    "downloads",
    "<all_urls>"
  ],

  "icons": {
    "16": "images/elevar-logo-16x16.png",
    "32": "images/elevar-logo-32x32.png",
    "64": "images/elevar-logo-64x64.png",
    "96": "images/elevar-logo-96x96.png",
    "128": "images/elevar-logo-128x128.png"
  },

  "browser_action": {
    "default_title": "Elevar GTM",
    "default_icon": {
      "16": "images/elevar-logo-16x16.png",
      "32": "images/elevar-logo-32x32.png",
      "64": "images/elevar-logo-64x64.png",
      "96": "images/elevar-logo-96x96.png",
      "128": "images/elevar-logo-128x128.png"
    }
  },

  "background": {
    "scripts": ["backgroundScript/index.js"],
    "persistent": false
  },

  "content_scripts": [
    {
      "matches": ["<all_urls>"],
      "js": ["contentScript/index.js"]
    }
  ]
}
