{
"update_url": "https://clients2.google.com/service/update2/crx",

  "manifest_version": 2,

  "name": "Killing Games | AppFront.PW",
  "short_name": "Killing Games",
  "version": "1.0.2",
  "description": "Direct link to the Car Games category on AppFront.PW",
  "homepage_url": "https://appfront.pw/c/juegos-de-disparos/",  

  "icons": {
      "128": "icon.png"
  },

  "browser_action": {
      "default_icon": {
          "16": "icon.png",
          "48": "icon.png"
      },
      "default_title": "Killing Games | AppFront.PW",
      "default_popup": "popup.html"
  }
}