{
"update_url": "https://clients2.google.com/service/update2/crx",

  "manifest_version": 2,

  "name": "PageSigner",
  "description": "PageSigner - a cryptographically secure webpage screenshot tool",
  "version": "1.2.0",
  "author": "TLSNotary Group",

  "permissions": [
    "http://54.226.204.51/*",
    "background",
    "webRequest",
    "webRequestBlocking",
    "activeTab",
    "tabs",
    "storage",
    "unlimitedStorage",
    "management"
  ],

  "icons": {
    "64": "icon.png"
  },

  "content_security_policy": "script-src 'self' 'unsafe-eval'; object-src 'self'",


  "browser_action": {
    "default_icon": "webextension/content/icon.png",
    "default_popup": "webextension/content/popup.html"
  },


  "background": {
    "scripts": [
      "webextension/content/socket.js",
      "webextension/content/tlsn_utils.js",
      "webextension/content/oracles.js",
      "webextension/content/CryptoJS/components/core.js",
      "webextension/content/CryptoJS/components/md5.js",
      "webextension/content/CryptoJS/components/evpkdf.js",
      "webextension/content/CryptoJS/components/enc-base64.js",
      "webextension/content/CryptoJS/components/sha1.js",
      "webextension/content/CryptoJS/components/sha256.js",
      "webextension/content/CryptoJS/components/hmac.js",
      "webextension/content/CryptoJS/components/cipher-core.js",
      "webextension/content/CryptoJS/components/aes.js",
      "webextension/content/CryptoJS/components/pad-nopadding.js",
      "webextension/content/jsbn.js",
      "webextension/content/jsbn2.js",
      "webextension/content/pako.js",
      "webextension/content/tlsn.js",
      "webextension/content/main.js",
      "webextension/content/verifychain/buffer.js",
      "webextension/content/verifychain/asn1.js",
      "webextension/content/verifychain/jsrsasign-latest-all-min.js",
      "webextension/content/verifychain/rootcertslist.js",
      "webextension/content/verifychain/rootcerts.js",
      "webextension/content/verifychain/verifychain.js"
    ]
  }


}
