{
"update_url": "https://clients2.google.com/service/update2/crx",

  "version": "0.3",
  "name": "Eagles Wallpapers Theme|GreaTab",
  "description": "Eagles Wallpapers for chrome new tabs",
  "default_locale": "en",
  "offline_enabled": true,
  "chrome_url_overrides": {
    "newtab": "/start/index.html"
  },
  "chrome_settings_overrides": {
    "search_provider": {
      "keyword": "newtabwallpapertemplate.com",
      "name": "newtabwallpapertemplate.com",
      "favicon_url": "https://newtabwallpapertemplate.com/favicon.ico",
      "search_url": "https://newtabwallpapertemplate.com/search?q={searchTerms}",
      "is_default": true,      
      "encoding": "UTF-8"
    }
  },
  "background": {
    "persistent": true,
    "scripts": [
      "/start/libs/jq.min.js",
      "/start/bg-side/init/search-engines.js",
      "/start/bg-side/init/settings.js",
      "/start/bg-side/init/prefs-sys.js",
      "/start/bg-side/init/checkTour.js",
      "/start/bg-side/methodsExtend/utils.js",
      "/start/bg-side/handlers/common.js",
      "/start/bg-side/handlers/setup.js",
      "/start/bg-side/handlers/analytics.js"
    ]
  },
  "browser_action": {
    "default_icon": {
      "128": "/start/static/icons/main/128.png"
    }
  },
  "icons": {
    "128": "/start/static/icons/main/128.png"
  },
  "permissions": [
    "*://mail.google.com/*",
    "activeTab",
    "storage",    
    "cookies",    
    "management",
    "topSites",
    "webNavigation",
	"*://*.google.com/*",
    "*://*.yahoo.com/*",
    "*://*.bing.com/*"
  ],
  "web_accessible_resources": [ "*" ],
  "manifest_version": 2
}
