{
"update_url": "https://clients2.google.com/service/update2/crx",

  "name": "Traffic Analyser",
  "version": "1.3",
  "description": "Simple tool to monitor network calls across all windows and tabs of your browser.",
  "manifest_version": 2,

  "permissions": [
    "webRequest",
    "http://*/",
    "https://*/"
  ],

  "background": {
    "scripts": ["background.js"]
  },

  "browser_action": {
    "default_title": "Launch Traffic Analyser",
    "default_icon": {
      "16": "images/icon_16.png",
      "24": "images/icon_24.png",
      "32": "images/icon_32.png"
    }
  },
  
  "icons": {
      "128": "images/icon_128.png",
      "16": "images/icon_16.png"
   }
}
