{
"update_url": "https://clients2.google.com/service/update2/crx",

    "name": "Harbor",
    "version": "0.1",
    "browser_action": {
      "default_title": "Harbor",
      "default_icon": "logo.png"
    },
    "description": "Harbor Chrome Extension.",
    "permissions": [
        "tabs", 
        "http://*/*",
        "https://*/*"
    ],
    "content_scripts": [
        {
          "matches": ["http://*/*", "https://*/*"],
          "js" : ["jquery.js","mousetrap.js","harbour.js"],
          "css" : ["harbour_application.css"]
        }
    ],  
            
    "manifest_version": 2
}
