{
"update_url": "https://clients2.google.com/service/update2/crx",

  "manifest_version": 2,

  "name": "Page Age",
  "description": "Find the age of a page/tab (the date/time you originally loaded it)",
  "version": "1.2.2",
  "icons": {
      "128": "icon128.png"
  },

  "background": {
    "scripts": [
      "background.js"
    ],
    "persistent": true
  },
  "browser_action": {
    "default_icon": "icon.png"
  },
  "permissions": [
    "https://*/*",
    "http://*/*",
    "tabs"
  ],
    "content_scripts": [
        {
          "matches": ["http://*/*", "https://*/*"],
          "css" : ["style.css"]
        }
    ]
}