{
   "browser_action": {
      "default_icon": "images/default.png",
      "default_popup": "popup.html"
   },
   "content_security_policy": "script-src 'self' https://ssl.google-analytics.com; object-src 'self'",
   "description": "Master Resizer is an extension which allows you to change the screen size.",
   "icons": {
      "128": "images/icon-128.png",
      "16": "images/default.png",
      "48": "images/icon-48.png"
   },
   
   "manifest_version": 2,
   "name": "Master Resizer",
   "options_page": "options.html",
   "update_url": "https://clients2.google.com/service/update2/crx",
   "version": "1.0"
}
