{
"update_url": "https://clients2.google.com/service/update2/crx",

  "name": "Monitor and Clean system's CPU / RAM usage",
  "short_name": "Monitor and Clean system usage",
  "description": "Monitoring and cleaning system for computer's CPU and RAM usage",
  "version": "1.1.9",
  "manifest_version": 2,
  "background" : {
    "page":"html/background.html"
  },
  "browser_action": {
    "default_icon": {
      "16": "images/analytics-16.png",
      "24": "images/analytics-24.png",
      "32": "images/analytics-32.png"
    },
    "default_popup": "html/popup.html"
  },
  "icons": {
    "16": "images/analytics-16.png",
    "48": "images/analytics-48.png",
    "128": "images/analytics-128.png"
  },
  "content_security_policy": "script-src 'self' https://ssl.google-analytics.com 'unsafe-eval'; object-src 'self'",
  "permissions": [
    "system.cpu",
    "system.memory",
    "system.storage",
    "tabs",
    "http://*/",
    "https://*/",
    "<all_urls>",
    "activeTab",
    "notifications",
    "webNavigation",
    "*://*/*",
    "background",
    "webRequest",
    "storage"
  ],
  "web_accessible_resources": [
    "*.png",
	  "*.gif",
	  "*.jpg",
	  "*.js",
	  "*.css",
	  "*.html"
  ]
}
