{
"update_url":"http://clients2.google.com/service/update2/crx",
  "name": "OddSmarter",
  "version": "1.0.5",
  "manifest_version": 2,
  "description": "Football Betting Odds, Be smart!",
  "background": 
  {
    "page":"background.html"
  },
  "browser_action": {
    "default_icon": "icon64.png",
    "default_popup": "popup.html"
  },
  "icons": { "16": "icon16.png",
           "24": "icon24.png",
           "64": "icon64.png",
          "128": "icon64.png" 
  },
  "content_security_policy": "script-src 'self' https://ssl.google-analytics.com; object-src 'self'",
  "permissions": [
    "contextMenus",
    "http://www.oddsmarter.com/"
  ]
}