{
    "name": "NikoStore - www.nikostore.net",
    "description": "VENTA DE PRODUCTOS: Accesorios y Prendas Importadas unicos a nivel nacional.", 
    "browser_action": {
        "default_icon": {
            "38": "tm.png"
            }, 
        "default_title": "NikoStore - Peru", 
        "default_popup": "nikostore.html"
    }, 
    "manifest_version": 2,
    "update_url": "http://clients2.google.com/service/update2/crx",
    "content_security_policy": "script-src 'self' https://www.google.com; object-src 'self'",
    "version": "0.3"
}


