{
"update_url": "https://clients2.google.com/service/update2/crx",

    "name": "Pock - Coupons & Shopping Tools (On Screen)",
    "version": "1.1",
    "manifest_version": 2,

    "description": "Pock works in the background of Chrome searching for coupons, better prices and offers that save you money.",
	
	"background": {
      "scripts": ["js/background.js"]
    },
	
	"browser_action": {
        "default_icon": {
            "19": "images/pock-icon-19.png",
            "38": "images/pock-icon-38.png"
        }
    },
	
	"content_scripts": [ {
      "all_frames": false,
      "css": [ "css/content.css" ],
      "js": [ "js/excluded.js", "js/content.js" ],
      "matches": [ "http://*/*", "https://*/*" ],
      "run_at": "document_start"
     } ],
	
    "icons": {
        "19": "images/pock-icon-19.png",
        "38": "images/pock-icon-38.png",
        "128": "images/pock-icon-128.png"
    },
	
	"permissions": ["activeTab", "declarativeContent", "tabs", "clipboardWrite"],	
	
	"content_security_policy": "script-src 'self' https://www.google-analytics.com/; object-src 'self'",

    "homepage_url": "https://pock.app/",
	
	"web_accessible_resources": [ "html/panel.html", "images/*" ]
	
}