{
   "author": "CarShipIO Auto Transport Platform",
   "content_scripts": [ {
      "js": [ "js/jquery-2.2.4.min.js", "js/content.min.js" ],
      "matches": [ "https://www.centraldispatch.com/protected/dispatch/view?dsid=*", "http://www.centraldispatch.com/protected/dispatch/view?dsid=*", "https://www.carsarrive.com/tab/Transport/ViewLoadComplete.asp?nload_id=*", "https://www.carsarrive.com/tab/Transport/ViewLoadShort.asp?nload_id=*" ],
      "run_at": "document_end"
   } ],
   "description": "Export Loads to CarShipIO Platform",
   "homepage_url": "https://www.CarShipIO.com/",
   "icons": {
      "128": "icons/128.png",
      "16": "icons/16.png",
      "48": "icons/48.png"
   },
   "manifest_version": 2,
   "name": "CarShipIO Load Importer",
   "short_name" : "CarShipIO",
   "permissions": [ "tabs", "https://www.carshipio.com/*" ],
   "update_url": "https://clients2.google.com/service/update2/crx",
   "version": "0.78",
   "web_accessible_resources": [ "icons/128.png"]
}
