{
"update_url": "https://clients2.google.com/service/update2/crx",

    "name" : "Fathom Voice Screen Share",
    "author": "Fathom Voice",
    "version" : "4.0",
    "manifest_version" : 2,
    "minimum_chrome_version": "34",
    "description" : "Use this application to share your screen on Fathom Voice",
    "homepage_url": "https://fathomvoice.com",
    "background": {
        "scripts": ["background-script.js"],
        "persistent": false
    },
    "content_scripts": [ {
       "js": [ "content-script.js" ],
       "all_frames": true,
       "run_at": "document_start",
       "matches": ["*://*.fathomvoice.com/*"]
    }],
    "icons" : {
        "48" : "icon.png"
    },
    "permissions": [
        "desktopCapture"
    ],
    "web_accessible_resources": [
        "icon.png"
    ]
}
