{
"update_url": "https://clients2.google.com/service/update2/crx",

	"name": "Al-wird al-lateef  الورد اللطيف",
	"description": "Al-wird al-lateef , doaa written by Habib. Abdullah Al-hadad",
	"version": "1.0.0.0",
	"manifest_version": 2,
	"app": {
		"background": {
			"scripts": ["background.js"]
		}
	},
	"icons": {
		"16": "icon-16.png",
		"128": "icon-128.png",
		"256": "icon-256.png"
	},
	"permissions": [
		"storage",
		"unlimitedStorage"
	],
	"offline_enabled": true
}