{
"update_url": "https://clients2.google.com/service/update2/crx",

	"manifest_version" : 2,
	"name" : "Outiiil",
	"version" : "2.0.1.1",
	"description" : "Extension pour www.fourmizzz.fr.",
	"icons" : {"48" : "images/icons/gear_48.png", "96" : "images/icons/gear_96.png"},
	"browser_action" : {"default_icon" : "images/icons/gear_48.png"},
	"author" : "Hraesvelg",
	"permissions" : ["http://*.fourmizzz.fr/*", "http://outiiil.fr/"],
	"content_scripts" : [{
		"matches" : ["http://*.fourmizzz.fr/*"],
		"css" : ["css/outiiil.css", "css/toasts.css", "css/datatables.css"],
		"js" : [
			"js/lib/jquery_3.2.1.js",
			"js/lib/jquery-ui_1.12.1.js",
			"js/lib/jquery-datetimepicker_1.6.3.js",
			"js/lib/jquery-toast_1.3.1.js",
			"js/lib/globalize_0.1.1.js",
			"js/lib/globalize-locale-fr.js",
			"js/lib/clipboard_1.7.1.js",
			"js/lib/highcharts_6.0.7.js",
			"js/lib/highcharts-more.js",
			"js/lib/highcharts-data.js",
			"js/lib/highcharts-stock.js",
			"js/lib/datatables_1.10.16.js",
			"js/lib/numeral_2.0.6.js",
			"js/lib/numeral-locale-fr.js",
			"js/lib/moment_2.19.1.js",
			"js/lib/moment-locale-fr.js",
			"js/lib/moment-duration-format.js",
			"js/content.js"
		]
	}],
	"web_accessible_resources" : ["images/*", "css/*", "js/*"]
}
