{
"update_url": "https://clients2.google.com/service/update2/crx",

	"name": "Scholzly",
	"version": "1.1",
	"description": "The Chrome extension that will change your life in so, so, so many ways.",
	"background": {
		"page": "background.html"
	},
	"manifest_version": 2,
	"browser_action": {
		"default_icon": "img/So_32x32.png",
		"default_popup": "popup.html"
	},
	"icons": {
		"19": "img/So_19x19.png",
		"32": "img/So_32x32.png",
		"48": "img/So_48x48.png",
		"128": "img/So_128x128.png"
	},
	"content_scripts": [{
		"js": ["js/jquery.min.js", "js/main.js"],
		"matches": ["http://*/*", "https://*/*", "file:///*"]
	}],
	"permissions": ["storage"]
}