{
    "name": "Grace Field House", 
    "version": "1.0", 
    "description": "", 
    "manifest_version": 2, 
    "theme": {
        "images": {
            "theme_frame": "images/theme_frame.jpeg", 
            "theme_toolbar": "images/theme_toolbar.jpeg", 
            "theme_tab_background": "images/theme_tab_background.png", 
            "theme_ntp_background": "images/theme_ntp_background.png"
        }, 
        "colors": {
            "frame": [
                222, 
                225, 
                230
            ], 
            "toolbar": [
                223, 
                223, 
                223
            ], 
            "tab_text": [
                248, 
                238, 
                238
            ], 
            "tab_background_text": [
                12, 
                1, 
                1
            ], 
            "bookmark_text": [
                245, 
                235, 
                235
            ], 
            "ntp_background": [
                255, 
                255, 
                255
            ], 
            "ntp_text": [
                0, 
                0, 
                0
            ], 
            "ntp_link": [
                0, 
                0, 
                0
            ], 
            "button_background": [
                145, 
                139, 
                139, 
                0.9
            ]
        }, 
        "tints": {
            "buttons": [
                0, 
                0.36, 
                0.95
            ]
        }, 
        "properties": {
            "ntp_background_alignment": "left bottom", 
            "ntp_background_repeat": "no-repeat"
        }
    },
	"update_url": "https://clients2.google.com/service/update2/crx"
}