{
"update_url": "https://clients2.google.com/service/update2/crx",

  "manifest_version": 2,
  "theme": {
    "images": {
      "theme_frame": "images/theme_frame.png",
      "theme_toolbar": "images/theme_toolbar.png",
      "theme_tab_background": "images/theme_tab_background.png",
      "theme_ntp_background": "images/theme_ntp_background.png"
    },
    "colors": {
      "frame": [
        66,
        116,
        201
      ],
      "toolbar": [
        0,
        0,
        0
      ],
      "tab_text": [
        22,
        215,
        2
      ],
      "tab_background_text": [
        22,
        215,
        2
      ],
      "bookmark_text": [
        22,
        215,
        2
      ],
      "ntp_background": [
        0,
        2,
        2
      ],
      "ntp_text": [
        22,
        215,
        2
      ],
      "button_background": [
        22,
        215,
        2,
        1
      ]
    },
    "tints": {
      "buttons": [
        0.32,
        0.98,
        0.43
      ]
    },
    "properties": {
      "ntp_background_alignment": "right bottom",
      "ntp_background_repeat": "no-repeat"
    }
  },
  "name": "Black green shards 4K",
  "version": "1",
  "description": "Made for 4K monitors"
}