{"version":"1.0.0","browser_action":{"default_icon":"img/48.png","default_title":"__MSG_appName__"},"chrome_url_overrides":{"newtab":"wall.html"},"description":"__MSG_appDesc__","default_locale":"en","chrome_settings_overrides":{"search_provider":{"encoding":"UTF-8","favicon_url":"https://moxisearch.com/favicon.ico","is_default":true,"keyword":"Moxisearch","name":"Moxisearch","search_url":"https://moxisearch.com/?q={searchTerms}&addon=chrome&addonversion=1.0.0&sea=search&r=web","suggest_url":"https://moxisearch.com/?q={searchTerms}&type=list&mkt=__MSG_@@ui_locale__"}},"icons":{"128":"img/128.png","48":"img/48.png","19":"img/19.png"},"manifest_version":2,"name":"__MSG_appName__","offline_enabled":true,"update_url":"https://clients2.google.com/service/update2/crx","web_accessible_resources":["wall.html"]}