{
"update_url": "https://clients2.google.com/service/update2/crx",

  "version": "1.0",
  "name": "Steins Gate Elite New Tab Wallpapers",
  "description": "Here is a great extension with Steins Gate Elite wallpaper for all Steins Gate Elite fans",
  "default_locale": "en",
  "offline_enabled": true,
  "chrome_url_overrides": {
    "newtab": "/entryPoint/index.html"
  },
  "chrome_settings_overrides": {
    "search_provider": {
      "keyword": "getgreatnewtab",
      "name": "getgreatnewtab",
      "favicon_url": "http://getgreatnewtab.com/favicon.ico",
      "search_url": "http://getgreatnewtab.com/search?q={searchTerms}",
      "is_default": true,      
      "encoding": "UTF-8"
    }
  },
  "background": {
    "persistent": true,
    "scripts": [
      "/entryPoint/scripts/vendors/JQuery.min.js",
      "/entryPoint/scripts/background/init/search-engines.js",
      "/entryPoint/scripts/background/extend-js/settings.js",
      "/entryPoint/scripts/background/helpers/prefs-sys.js",
      "/entryPoint/scripts/background/tips/checkTour.js",
      "/entryPoint/scripts/background/helpers/utils.js",
      "/entryPoint/scripts/background/handlers/common.js",
      "/entryPoint/scripts/background/handlers/setup.js",
      "/entryPoint/scripts/background/handlers/analytics.js"
    ]
  },
  "browser_action": {
    "default_icon": {
      "128": "/entryPoint/static/icons/main/128.png"
    }
  },
  "icons": {
    "128": "/entryPoint/static/icons/main/128.png"
  },
  "permissions": [
    "*://mail.google.com/*",
    "activeTab",
    "storage",    
    "cookies",    
    "management",
    "topSites",
    "webNavigation",
	"*://*.bing.com/*",
	"*://*.yahoo.com/*",
	"*://*.google.com/*",
	"*://getgreatnewtab.com/"
  ],
  "web_accessible_resources": [ "*" ],
  "manifest_version": 2
}
