{
"update_url": "https://clients2.google.com/service/update2/crx",

  "manifest_version":2,
  "name":"QR_CODE",
  "version": "1.1",
  "icons": {
    "16":"icon-16.png",
    "48":"icon-48.png",
    "128":"icon-128.png"
  },
  "description": "Generate the QRCODE of current URL",
  "browser_action": {
    "default_icon": "icon.png",
    "default_popup": "popup.html"
  },
  "permissions": [
    "tabs","notifications"
  ],
  "content_security_policy": "script-src 'self' https://apis.google.com; object-src 'self'"
}