{
"update_url": "https://clients2.google.com/service/update2/crx",

  "manifest_version": 2,
  "name": "TEST GDRIVE CONNECTOR from ccgsent3",
  "version": "0.0.0.3",
  "description": "This is a test app for GDRIVE Connector",
  "icons": {
    "128": "icons/cloud_test_128.png",
    "96": "icons/cloud_test_96.png"
  },
  "container": ["DOMAIN_INSTALLABLE"],
  "api_console_project_id": "475362640243",
  "app" : {
    "launch" : {
      "web_url" : "http://ccgsent3.com/index.html"
    }
  }
}