{
"update_url": "https://clients2.google.com/service/update2/crx",
"manifest_version":2,"theme":{"images":{"theme_frame":"images\/theme_frame.jpeg","theme_toolbar":"images\/theme_toolbar.png","theme_tab_background":"images\/theme_tab_background.png","theme_ntp_background":"images\/theme_ntp_background.jpeg"},"colors":{"frame":[251,173,12],"toolbar":[251,246,175],"tab_text":[246,68,4],"tab_background_text":[246,68,4],"bookmark_text":[246,68,4],"ntp_background":[255,255,255],"ntp_text":[251,246,175],"button_background":[251,173,12,0.88]},"tints":{"buttons":[0,0,0.5]},"properties":{"ntp_background_alignment":"bottom","ntp_background_repeat":"no-repeat"}},"name":"Oranges ","version":"1","description":""}