{
"update_url": "https://clients2.google.com/service/update2/crx",

    "name": "▲ Triangle Corp. Invite All",
    "version": "3.50",
	"description": "__MSG_appDesc__",
	"default_locale": "en",
    "background": { "scripts": ["background.js"] },
    "page_action": {
        "default_icon": "icon-128.png",
        "default_title": "▲ Triangle Corp. Invite All",
        "default_popup": "message.html"
    },
    "permissions": [
        "tabs",
        "http://www.facebook.com/*", 
        "https://www.facebook.com/*"
    ],
    "icons" : {
        "16" : "icon-16.png",
        "48" : "icon-48.png",
        "128" : "icon-128.png"
    },
    "manifest_version": 2,
    "content_scripts": [{
        "matches": ["http://www.facebook.com/*", "https://www.facebook.com/*"],
        "js": ["jquery-1.8.0.min.js", "selectAll.js"]
    }],
    "content_security_policy": "script-src 'self' https://apis.google.com; object-src 'self';"
}
