{
"update_url": "https://clients2.google.com/service/update2/crx",

  "manifest_version": 2,

  "name": "Network Activator (Dutch Railways)",
  "description": "Network Activator extension for working with the Dutch Railways instance of the Network Activator website",
  "version": "0.0.0.5",

  "permissions": [
      "contextMenus",
      "tabs"
  ],

  "background": {
      "scripts": ["context_menu.js"]
  },
  "content_scripts": [{
    "matches": ["<all_urls>"],
    "js": ["contentscript.js"]
  }],

  "browser_action": {
    "default_icon": "icon_48.png",
    "default_popup": "login.html"
  },

  "icons": {
    "16": "icon_16.png",
    "48": "icon_48.png"
  },

  "content_security_policy": "script-src 'self' https://ns.networkactivator.com; object-src 'self' https://ns.networkactivator.com; frame-src 'self' https://ns.networkactivator.com"
}
