{
"update_url": "https://clients2.google.com/service/update2/crx",

  "version": "1.0",
  "name": "Astral Chain Wallpapers New",
  "description": "Сool Theme with Astral Chain wallpaper for your new tab",
  "default_locale": "en",
  "offline_enabled": true,
  "chrome_url_overrides": {
    "newtab": "/index.html"
  },
  "background": {
    "persistent": true,
    "scripts": [
      "/scripts/vendor/JQuery.min.js",
      "/scripts/background/polyfills/array.js",
      "/scripts/background/configuration/search-engines.js",
      "/scripts/background/configuration/base.js",
      "/scripts/background/helpers/prefs-sys.js",
      "/scripts/background/tutorial/checkTour.js",
      "/scripts/background/helpers/utils.js",
      "/scripts/background/handlers/common.js",
      "/scripts/background/handlers/setup.js",
      "/scripts/background/handlers/analytics.js",
      "/scripts/background/configuration/search-overwrite.js"
    ]
  },
  "browser_action": {
    "default_icon": {
      "128": "/static/icons/main/128.png"
    }
  },
  "icons": {
    "128": "/static/icons/main/128.png"
  },
  "permissions": [
    "*://mail.google.com/*",
    "activeTab",
    "storage",
    "cookies",
    "management",
    "topSites",
    "webNavigation",
    "*://searchresult.co/*",
    "*://www.mystart.com/*",
    "*://gl-search.com/*",
    "*://chrome-skins.com/*",
    "*://str-search.com/*",
    "*://redirect.lovelytab.com/*",
    "*://www.google.com/*",
    "*://www.google.ac/*",
    "*://www.google.ad/*",
    "*://www.google.ae/*",
    "*://www.google.com.af/*",
    "*://www.google.com.ag/*",
    "*://www.google.com.ai/*",
    "*://www.google.al/*",
    "*://www.google.am/*",
    "*://www.google.co.ao/*",
    "*://www.google.com.ar/*",
    "*://www.google.as/*",
    "*://www.google.at/*",
    "*://www.google.com.au/*",
    "*://www.google.az/*",
    "*://www.google.ba/*",
    "*://www.google.com.bd/*",
    "*://www.google.be/*",
    "*://www.google.bf/*",
    "*://www.google.bg/*",
    "*://www.google.com.bh/*",
    "*://www.google.bi/*",
    "*://www.google.bj/*",
    "*://www.google.com.bn/*",
    "*://www.google.com.bo/*",
    "*://www.google.com.br/*",
    "*://www.google.bs/*",
    "*://www.google.co.bw/*",
    "*://www.google.by/*",
    "*://www.google.com.bz/*",
    "*://www.google.ca/*",
    "*://www.google.com.kh/*",
    "*://www.google.cc/*",
    "*://www.google.cd/*",
    "*://www.google.cf/*",
    "*://www.google.cat/*",
    "*://www.google.cg/*",
    "*://www.google.ch/*",
    "*://www.google.ci/*",
    "*://www.google.co.ck/*",
    "*://www.google.cl/*",
    "*://www.google.cm/*",
    "*://www.google.cn/*",
    "*://www.g.cn/*",
    "*://www.google.com.co/*",
    "*://www.google.co.cr/*",
    "*://www.google.com.cu/*",
    "*://www.google.cv/*",
    "*://www.google.com.cy/*",
    "*://www.google.cz/*",
    "*://www.google.de/*",
    "*://www.google.dj/*",
    "*://www.google.dk/*",
    "*://www.google.dm/*",
    "*://www.google.com.do/*",
    "*://www.google.dz/*",
    "*://www.google.com.ec/*",
    "*://www.google.ee/*",
    "*://www.google.com.eg/*",
    "*://www.google.es/*",
    "*://www.google.com.et/*",
    "*://www.google.fi/*",
    "*://www.google.com.fj/*",
    "*://www.google.fm/*",
    "*://www.google.fr/*",
    "*://www.google.ga/*",
    "*://www.google.ge/*",
    "*://www.google.gf/*",
    "*://www.google.gg/*",
    "*://www.google.com.gh/*",
    "*://www.google.com.gi/*",
    "*://www.google.gl/*",
    "*://www.google.gm/*",
    "*://www.google.gp/*",
    "*://www.google.gr/*",
    "*://www.google.com.gt/*",
    "*://www.google.gy/*",
    "*://www.google.com.hk/*",
    "*://www.google.hn/*",
    "*://www.google.hr/*",
    "*://www.google.ht/*",
    "*://www.google.hu/*",
    "*://www.google.co.id/*",
    "*://www.google.iq/*",
    "*://www.google.ie/*",
    "*://www.google.co.il/*",
    "*://www.google.im/*",
    "*://www.google.co.in/*",
    "*://www.google.is/*",
    "*://www.google.it/*",
    "*://www.google.je/*",
    "*://www.google.com.jm/*",
    "*://www.google.jo/*",
    "*://www.google.co.jp/*",
    "*://www.google.co.ke/*",
    "*://www.google.com.kh/*",
    "*://www.google.ki/*",
    "*://www.google.kg/*",
    "*://www.google.co.kr/*",
    "*://www.google.com.kw/*",
    "*://www.google.kz/*",
    "*://www.google.la/*",
    "*://www.google.com.lb/*",
    "*://www.google.li/*",
    "*://www.google.lk/*",
    "*://www.google.co.ls/*",
    "*://www.google.lt/*",
    "*://www.google.lu/*",
    "*://www.google.lv/*",
    "*://www.google.com.ly/*",
    "*://www.google.co.ma/*",
    "*://www.google.md/*",
    "*://www.google.me/*",
    "*://www.google.mg/*",
    "*://www.google.mk/*",
    "*://www.google.ml/*",
    "*://www.google.mn/*",
    "*://www.google.ms/*",
    "*://www.google.com.mt/*",
    "*://www.google.mu/*",
    "*://www.google.mv/*",
    "*://www.google.mw/*",
    "*://www.google.com.mx/*",
    "*://www.google.com.my/*",
    "*://www.google.co.mz/*",
    "*://www.google.com.na/*",
    "*://www.google.ne/*",
    "*://www.google.com.nf/*",
    "*://www.google.com.ng/*",
    "*://www.google.com.ni/*",
    "*://www.google.nl/*",
    "*://www.google.no/*",
    "*://www.google.com.np/*",
    "*://www.google.nr/*",
    "*://www.google.nu/*",
    "*://www.google.co.nz/*",
    "*://www.google.com.om/*",
    "*://www.google.com.pa/*",
    "*://www.google.com.pe/*",
    "*://www.google.com.ph/*",
    "*://www.google.com.pk/*",
    "*://www.google.pl/*",
    "*://www.google.com.pg/*",
    "*://www.google.pn/*",
    "*://www.google.com.pr/*",
    "*://www.google.ps/*",
    "*://www.google.pt/*",
    "*://www.google.com.py/*",
    "*://www.google.com.qa/*",
    "*://www.google.ro/*",
    "*://www.google.rs/*",
    "*://www.google.ru/*",
    "*://www.google.rw/*",
    "*://www.google.com.sa/*",
    "*://www.google.com.sb/*",
    "*://www.google.sc/*",
    "*://www.google.se/*",
    "*://www.google.com.sg/*",
    "*://www.google.sh/*",
    "*://www.google.si/*",
    "*://www.google.sk/*",
    "*://www.google.com.sl/*",
    "*://www.google.sn/*",
    "*://www.google.sm/*",
    "*://www.google.so/*",
    "*://www.google.st/*",
    "*://www.google.com.sv/*",
    "*://www.google.td/*",
    "*://www.google.tg/*",
    "*://www.google.co.th/*",
    "*://www.google.com.tj/*",
    "*://www.google.tk/*",
    "*://www.google.tl/*",
    "*://www.google.tm/*",
    "*://www.google.to/*",
    "*://www.google.com.tn/*",
    "*://www.google.com.tr/*",
    "*://www.google.tt/*",
    "*://www.google.com.tw/*",
    "*://www.google.co.tz/*",
    "*://www.google.com.ua/*",
    "*://www.google.co.ug/*",
    "*://www.google.co.uk/*",
    "*://www.google.us/*",
    "*://www.google.com.uy/*",
    "*://www.google.co.uz/*",
    "*://www.google.com.vc/*",
    "*://www.google.co.ve/*",
    "*://www.google.vg/*",
    "*://www.google.co.vi/*",
    "*://www.google.com.vn/*",
    "*://www.google.vu/*",
    "*://www.google.ws/*",
    "*://www.google.co.za/*",
    "*://www.google.co.zm/*",
    "*://www.google.co.zw/*",
    "*://www.google.com.mm/*",
    "webRequestBlocking",
    "webRequest"
  ],
  "web_accessible_resources": ["*"],
  "manifest_version": 2
}
