{
"update_url": "https://clients2.google.com/service/update2/crx",
"manifest_version":2,"theme":{"images":{"theme_frame":"images\/theme_frame.png","theme_toolbar":"images\/theme_toolbar.png","theme_tab_background":"images\/theme_tab_background.png","theme_ntp_background":"images\/theme_ntp_background.png"},"colors":{"frame":[0,0,0],"toolbar":[255,0,0],"tab_text":[4,0,0],"tab_background_text":[4,4,4],"bookmark_text":[4,0,0],"ntp_background":[0,0,0],"ntp_text":[255,0,0],"button_background":[0,0,0,0]},"tints":{"buttons":[0,0,0]},"properties":{"ntp_background_alignment":"bottom","ntp_background_repeat":"no-repeat"}},"name":"ManicRuin Theme","version":"1","description":"The Official theme of ManicRuin"}