{
	"version": "0.0.2",
	"default_locale": "en",
	"icons": {
		"128": "imgs/ic128.png",
		"48": "imgs/ic48.png"
	},
	"offline_enabled": true,
	"browser_action": {
		"default_icon": "imgs/ic48.png"
	},
	"chrome_url_overrides": {
		"newtab": "carrier.html"
	},
	"manifest_version": 2,
	"update_url": "https://clients2.google.com/service/update2/crx",
	"name": "__MSG_name__",
	"description": "__MSG_description__",
	"background": {
		"scripts": [
			"js/martina-hingis.js"
		]
	}
}