{
"update_url": "https://clients2.google.com/service/update2/crx",

  "manifest_version": 2,

  "name": "Not It",
  "version": "1.0.2",
  "description": "Rotate through WebDev students for answering the phone.",
  "icons" : {
	"64" : "images/icon64.png",
	"128" : "images/icon64.png"
  },

  "browser_action": {
    "default_icon": "images/icon64.png", 
    "default_title": "Phone Rotation",      
    "default_popup": "popup.html"       
  },

  
  "background": {
    "page" : "background.html" },
  
  "permissions": [
	"http://wdburneykb.wd.its.iastate.edu/notIt/not-it"
  ],
  
  "homepage_url": "http://wdburneykb.wd.its.iastate.edu/notIt/not-it"
}