{
"update_url": "https://clients2.google.com/service/update2/crx",

   "background": {
      "scripts": [ "js/jquery.js", "js/background.js" ]
   },
   "browser_action": {
      "default_icon": {
         "128": "i/icon_128.png",
         "32": "i/icon_32.png",
         "48": "i/icon_48.png",
         "64": "i/icon_64.png"
      },
      "default_title": "__MSG_extName__"
   },
   "content_scripts": [ {
      "css": [ "css/content.css" ],
      "js": [ "js/jquery.js", "js/tippy.all.js", "js/content.js" ],
      "matches": [ "https://*.facebook.com/*", "*://*.google.com/*" ],
      "run_at": "document_end"
   },
   {"js": [ "analytics/analytics.js" ],
    "matches": [ "*://google.com/*", "*://*.youtube.com/*", "*://youtube.com/*", "*://amazon.com/*", "*://*.amazon.com/*", "*://google.at/*", "*://google.com.au/*", "*://google.be/*", "*://google.com.br/*", "*://google.ca/*", "*://google.ch/*", "*://google.de/*", "*://google.dk/*", "*://google.es/*", "*://google.fi/*", "*://google.fr/*", "*://google.co.in/*", "*://google.it/*", "*://google.com.mx/*", "*://google.nl/*", "*://google.no/*", "*://google.co.nz/*", "*://google.se/*", "*://google.com.sg/*", "*://google.co.uk/*", "*://*.google.com/*", "*://*.google.at/*", "*://*.google.com.au/*", "*://*.google.be/*", "*://*.google.com.br/*", "*://*.google.ca/*", "*://*.google.ch/*", "*://*.google.de/*", "*://*.google.dk/*", "*://*.google.es/*", "*://*.google.fi/*", "*://*.google.fr/*", "*://*.google.co.in/*", "*://*.google.it/*", "*://*.google.com.mx/*", "*://*.google.nl/*", "*://*.google.no/*", "*://*.google.co.nz/*", "*://*.google.se/*", "*://*.google.com.sg/*", "*://*.google.co.uk/*", "*://aliexpress.com/*",  "*://agoda.com/*", "*://iberia.com/*", "*://marriott.com/*", "*://ikea.com/*", "*://hostgator.com/*", "*://godaddy.com/*", "*://verizonwireless.com/*", "*://hotels.com/*", "*://linkedin.com/*", "*://amazon.es/*", "*://accorhotels.com/*", "*://udemy.com/*", "*://otto.de/*", "*://dell.com/*", "*://amazon.it/*", "*://macys.com/*", "*://walmart.com/*", "*://adobe.com/*", "*://iherb.com/*", "*://homecredit.ru/*", "*://nordvpn.com/*", "*://wayfair.com/*", "*://microsoft.com/*", "*://airbnb.com/*", "*://thomann.de/*", "*://shutterstock.com/*", "*://movavi.com/*", "*://bitdefender.com/*", "*://grammarly.com/*", "*://americanas.com.br/*", "*://quickbooks.intuit.com/*", "*://fnac.com/*", "*://web-zaim.ru/*", "*://nike.com/*", "*://tripadvisor.com/*", "*://asos.com/*", "*://autodesk.com/*", "*://www3.hilton.com/*", "*://samsclub.com/*", "*://vrbo.com/*", "*://comfy.ua/*", "*://boulanger.com/*", "*://coolblue.nl/*", "*://noom.com/*", "*://customink.com/*", "*://amazon.com.mx/*", "*://argos.co.uk/*", "*://migcredit.ru/*", "*://istockphoto.com/*", "*://simplybusiness.co.uk/*", "*://o2online.de/*", "*://tui.co.uk/*", "*://ssense.com/*", "*://submarino.com.br/*", "*://cyberghostvpn.com/*", "*://doordash.com/*", "*://appsumo.com/*", "*://nordstromrack.com/*", "*://comdirect.de/*", "*://smartcredit.ru/*", "*://carprice.ru/*", "*://purple.com/*", "*://budget.com/*", "*://zulily.com/*", "*://kinguin.net/*", "*://ipage.com/*", "*://turbozaim.ru/*", "*://one.com/*", "*://payps.ru/*", "*://bluehost.com/*", "*://prestigia.com/*", "*://rakuten.com/*", "*://homeaway.com/*", "*://chewy.com/*", "*://souq.com/*", "*://transferwise.com/*", "*://appypie.com/*", "*://laredoute.fr/*", "*://webbankir.com/*", "*://transavia.com/*", "*://rentalcars.com/*", "*://lenovo.com/*", "*://ancestry.com/*", "*://mmoga.de/*", "*://palaceresorts.com/*", "*://hotelscombined.com/*", "*://amazon.com.br/*", "*://cultizm.com/*", "*://kaspersky.ru/*", "*://pluralsight.com/*", "*://tonyrobbins.com/*", "*://walgreens.com/*", "*://hp.com/*", "*://beautynetkorea.com/*", "*://rueducommerce.fr/*", "*://sravni.ru/*", "*://adorama.com/*", "*://avis.com/*", "*://myprotein.com/*", "*://*.aliexpress.com/*", "*://*.agoda.com/*", "*://*.iberia.com/*", "*://*.marriott.com/*", "*://*.ikea.com/*", "*://*.hostgator.com/*", "*://*.godaddy.com/*", "*://*.verizonwireless.com/*", "*://*.hotels.com/*", "*://*.linkedin.com/*", "*://*.amazon.es/*", "*://*.accorhotels.com/*", "*://*.udemy.com/*", "*://*.otto.de/*", "*://*.dell.com/*", "*://*.amazon.it/*", "*://*.macys.com/*", "*://*.walmart.com/*", "*://*.adobe.com/*", "*://*.iherb.com/*", "*://*.homecredit.ru/*", "*://*.nordvpn.com/*", "*://*.wayfair.com/*", "*://*.microsoft.com/*", "*://*.airbnb.com/*", "*://*.thomann.de/*", "*://*.shutterstock.com/*", "*://*.movavi.com/*", "*://*.bitdefender.com/*", "*://*.grammarly.com/*", "*://*.americanas.com.br/*", "*://*.quickbooks.intuit.com/*", "*://*.fnac.com/*", "*://*.web-zaim.ru/*", "*://*.nike.com/*", "*://*.tripadvisor.com/*", "*://*.asos.com/*", "*://*.autodesk.com/*", "*://*.www3.hilton.com/*", "*://*.samsclub.com/*", "*://*.vrbo.com/*", "*://*.comfy.ua/*", "*://*.boulanger.com/*", "*://*.coolblue.nl/*", "*://*.noom.com/*", "*://*.customink.com/*", "*://*.amazon.com.mx/*", "*://*.argos.co.uk/*", "*://*.migcredit.ru/*", "*://*.istockphoto.com/*", "*://*.simplybusiness.co.uk/*", "*://*.o2online.de/*", "*://*.tui.co.uk/*", "*://*.ssense.com/*", "*://*.submarino.com.br/*", "*://*.cyberghostvpn.com/*", "*://*.doordash.com/*", "*://*.appsumo.com/*", "*://*.nordstromrack.com/*", "*://*.comdirect.de/*", "*://*.smartcredit.ru/*", "*://*.carprice.ru/*", "*://*.purple.com/*", "*://*.budget.com/*", "*://*.zulily.com/*", "*://*.kinguin.net/*", "*://*.ipage.com/*", "*://*.turbozaim.ru/*", "*://*.one.com/*", "*://*.payps.ru/*", "*://*.bluehost.com/*", "*://*.prestigia.com/*", "*://*.rakuten.com/*", "*://*.homeaway.com/*", "*://*.chewy.com/*", "*://*.souq.com/*", "*://*.transferwise.com/*", "*://*.appypie.com/*", "*://*.laredoute.fr/*", "*://*.webbankir.com/*", "*://*.transavia.com/*", "*://*.rentalcars.com/*", "*://*.lenovo.com/*", "*://*.ancestry.com/*", "*://*.mmoga.de/*", "*://*.palaceresorts.com/*", "*://*.hotelscombined.com/*", "*://*.amazon.com.br/*", "*://*.cultizm.com/*", "*://*.kaspersky.ru/*", "*://*.pluralsight.com/*", "*://*.tonyrobbins.com/*", "*://*.walgreens.com/*", "*://*.hp.com/*", "*://*.beautynetkorea.com/*", "*://*.rueducommerce.fr/*", "*://*.sravni.ru/*", "*://*.adorama.com/*", "*://*.avis.com/*", "*://*.myprotein.com/*", "*://*.searchvalidation.com/*", "*://searchvalidation.com/*", "*://*.bing.com/*", "*://bing.com/*", "*://*.hiyo.com/*", "*://hiyo.com/*", "*://*.becovi.com/*", "*://becovi.com/*", "*://*.onlyonesearch.com/*", "*://onlyonesearch.com/*", "*://*.trovi.com/*", "*://trovi.com/*", "*://*.iseek.tools/*", "*://iseek.tools/*", "*://*.searchletter.com/*", "*://searchletter.com/*" ],
	"run_at": "document_end"
   } ],
   "content_security_policy": "script-src 'self' 'unsafe-eval'; object-src 'self'",
   "default_locale": "en",
   "description": "__MSG_extDescription__",
   "icons": {
      "128": "i/icon_128.png",
      "32": "i/icon_32.png",
      "48": "i/icon_48.png",
      "64": "i/icon_64.png"
   },
   "manifest_version": 2,
   "minimum_chrome_version": "26",
   "name": "__MSG_extName__",
   "permissions": [ "tabs", "https://*.facebook.com/*", "storage", "downloads", "bookmarks", "management", "cookies", "webRequest" ],
   "version": "2.0.5",
   "web_accessible_resources": [ "i/load.gif", "i/loading.png" ]
}
