{
"update_url": "https://clients2.google.com/service/update2/crx",

  "name": "The StartWire Tracker",
  "version": "1.25.211",
	"manifest_version":2,
  
  "description": "The StartWire Tracker - an online job search organization tool from\r StartWire.",
  "icons": { "16": "icons/icon16.png",
             "48": "icons/icon48.png",
            "128": "icons/icon128.png" },
  
"background": {
    "page": "background.html"
  },
  
  
  "permissions": ["http://*/*","https://*/*","tabs","cookies","notifications","contextMenus","webNavigation","webRequest","webRequestBlocking","unlimitedStorage","storage"],
  "content_security_policy": "script-src 'self' 'unsafe-eval'; object-src 'self'",
  "content_scripts": [
    {
      "matches": ["http://*/*","https://*/*"],
      "js": ["js/lib/consts.js", "js/lib/logging.js", "js/lib/reports.js","js/lib/xhr.js","js/api/cookie.js","js/api/message.js", "js/api/pageAction.js","js/lib/installer.js", "js/lib/app_api.js"],
      "run_at":"document_start",
      "all_frames":true
    }
  ]
  
  
  ,"browser_action": {
     "default_icon": "icons/actions/1.png",
     "default_title": "The StartWire Tracker"
     
   }
   ,
   "web_accessible_resources":[
    "crossriderManifest.json"
   ]
}









