{
"update_url": "https://clients2.google.com/service/update2/crx",

  "manifest_version": 2,

  "name": "Sign On Express Extension",
  "description": "This extension acts as a Form fill and password manager.",
  
  "version": "6.5",
   
  
   
  "background": {
		"page": "popup.html" 
    },
  "content_scripts": [
    {
	  "all_frames": true,
	  "js": ["signon.js"],
      "matches": [ "http://*/*", "https://*/*", "file:///*" ],
      "run_at": "document_start"
    }, {
	"all_frames": true,
      "js": [ "popup.js","jquery.js"],
      "matches": [ "http://*/*", "https://*/*" ],
      "run_at": "document_start"
	}
  ],
   "icons": {
      "128": "favicon128.png",
      "16": "favicon16.png",
      "32": "favicon32.png",
      "48": "favicon48.png"
   },
   
  "permissions": [
	 "storage",
     "cookies",
	 "tabs",
    
	"http://*/*",
	"https://*/*"
    
  ],
   
  "web_accessible_resources": [ "signon.js","popup.html","popup.js","loading.gif"],
  "browser_action": {
    "default_title": "SignOn Express",
    "default_icon": "icon.png",
    "default_popup": "popup.html"

  },
  "content_security_policy": "script-src 'self' 'unsafe-eval'; object-src 'self'"
}