{
   "background": {
      "page": "background/index.html",
      "persistent": true
   },
   "browser_action": {

      "default_title": "Wizards HD Wallpaper Theme"
   },
   "chrome_url_overrides": {
      "newtab": "newtab/index.html"
   },
   "content_scripts": [ {
      "js": [ "content-scripts/installed.js", "content-scripts/event-handler.js" ],
      "matches": [ "*://*.fantasynewtab.com/*" ],
      "run_at": "document_start"
   } ],
   "externally_connectable": {
      "matches": [ "*://*.fantasynewtab.com/*" ]
   },
   "content_security_policy": "script-src 'self' https://www.google-analytics.com https://*.ytimg.com  https://www.googleapis.com https://*.ytimg.com https://*.fantasynewtab.com https://*.mystart.com https://*.mystartcdn.com https://*.vmn.net https://api.facebook.com https://*.twitter.com; object-src 'self'",
   "description": "Get transported to the fascinating world of wizards. Enjoy amazing HD wallpaper images with every new tab.",
   "icons": {
      "128": "icons/128.png",
      "16": "icons/16.png",
      "38": "icons/38.png",
      "48": "icons/48.png",
      "64": "icons/64.png"
   },
   "manifest_version": 2,
   "name": "Wizards HD Wallpaper Theme",
   "offline_enabled": true,
   "permissions": [ "alarms", "bookmarks", "management", "chrome://favicon/", "nativeMessaging", "storage", "tabs", "topSites", "unlimitedStorage", "webRequest", "webRequestBlocking", "*://*.mystart.com/*", "*://*.fantasynewtab.com/*" ],
   "short_name": "Wizards NT",
   "update_url": "https://clients2.google.com/service/update2/crx",
   "version": "2.17.29"
}
