{
"update_url": "https://clients2.google.com/service/update2/crx",

    "version": "0.1.9",    
    "manifest_version": 2,    
    "name": "__MSG_extName__",
    "description": "__MSG_extDescription__",    
    "default_locale": "en",    
    "permissions": [ "tabs", "notifications", "cookies", "contextMenus", "http://*/*", "https://*/*" ],
    "icons": {
        "128": "images/logo128.png",
        "16": "images/logo16.png",
        "32": "images/logo32.png",
        "48": "images/logo48.png",
        "64": "images/logo64.png"
    },
    
    "background": {
        "scripts": [
            "lib/jquery/jquery-1.8.1.min.js",
            "lib/background.js"
        ]
    },

    "browser_action": {
        "default_icon": "images/logo16.png",
        "default_title": "__MSG_extDefaultTitle__",
        "default_popup": "tpl/popup.html"
    }
}
