{
"update_url": "https://clients2.google.com/service/update2/crx",
"name":"\u0627\u0644\u0631\u0648\u0644\u064a\u062a \u0627\u0644\u0641\u0631\u0646\u0633\u064a","version":"1.0","description":"","manifest_version":2,"theme":{"images":{"theme_frame":"images\/theme_frame.png","theme_toolbar":"images\/theme_toolbar.png","theme_tab_background":"images\/theme_tab_background.png","theme_ntp_background":"images\/theme_ntp_background.png"},"colors":{"frame":[27,43,57],"toolbar":[107,117,126],"tab_text":[27,43,57],"tab_background_text":[27,43,57],"bookmark_text":[27,43,57],"ntp_background":[255,255,255],"ntp_text":[194,180,159],"button_background":[203,203,203,0.9]},"tints":{"buttons":[0,0,0.44]},"properties":{"ntp_background_alignment":"bottom","ntp_background_repeat":"no-repeat"}}}