{
"update_url": "https://clients2.google.com/service/update2/crx",

  "manifest_version": 2,

  "name": "Tenkara Search Plugin",
  "description": "This extension will give you Tenkara search access in the browser's menu",
  "version": "1.0",

  "browser_action": {
   "default_icon": "icon16.png",
   "default_popup": "popup.html"
  },

  "icons": { "16": "icon16.png",
           "48": "icon48.png",
          "128": "icon128.png" },

  "content_scripts": [
        {
            "matches": ["https://tenkara.herokuapp.com/"],
            "js": ["TenkaraContent.js"]
        }

    ],


  "background":{
  	"scripts": ["eventPage.js"],
  	"persistent": false
  },

  "permissions": [
   "activeTab",
   "contextMenus",
   "storage",
   "tabs",
    "http://*/",
    "https://*/"
   ]
}