{
"update_url": "https://clients2.google.com/service/update2/crx",

  "manifest_version": 2,
  "name": "G-Eazy Wallpapers New Tab Theme",
  "version": "4.0.4",
  "description": "Includes HD images of the rapper G-Eazy on every new tab. For fans of hip hop rap Hoodie Allen Childish Gambino and others.",
  "icons": {
    "16": "icon16.png",
    "32": "icon32.png",
    "48": "icon48.png",
    "128": "icon128.png"
  },
  "background": {
    "page": "background.html"
  },
  "browser_action": {
    "default_title": "G-Eazy Wallpapers New Tab Theme",
    "default_icon": {
      "16": "icon16.png",
      "32": "icon32.png"
    }
  },
  "options_ui": { "page": "options.html", "chrome_style": true },
  "chrome_url_overrides" : { "newtab": "newtab.html" },
  "permissions": ["http://*.brandthunder.com/*", "storage"],
  "content_security_policy": "script-src 'self' https://ssl.google-analytics.com; object-src 'self'"
}
