{
"update_url": "https://clients2.google.com/service/update2/crx",
"manifest_version":2,"theme":{"images":{"theme_frame":"images\/theme_frame.png","theme_toolbar":"images\/theme_toolbar.png","theme_tab_background":"images\/theme_tab_background.png","theme_ntp_background":"images\/theme_ntp_background.png","theme_ntp_attribution":"images\/theme_ntp_attribution.png"},"colors":{"frame":[66,116,201],"toolbar":[73,85,202],"tab_text":[129,246,255],"tab_background_text":[255,174,224],"bookmark_text":[80,255,146],"ntp_background":[255,255,255],"ntp_text":[255,231,135],"button_background":[0,0,0,0]},"tints":{"buttons":[0.56,1,0.75]},"properties":{"ntp_background_alignment":"bottom","ntp_background_repeat":"no-repeat"}},"name":"Fate Stay Night Theme 03 - 1600x900","version":"1","description":""}