{
"update_url": "https://clients2.google.com/service/update2/crx",

  "manifest_version": 2,

  "name": "Textbooks Please!",
  "description": "This extension makes it easier to find the best price for textbooks.",
  "version": "2.2",
  "icons": {"128": "icon.png"},
  "background": { "scripts": ["background.js"] },
  "content_scripts": [
    { "matches": ["*://*/*"], "js": ["content_script.js"] }
  ],
  "permissions": [
    "tabs",
    "http://textbooksplease.com/*"
  ],
  "web_accessible_resources": [
    "icon80.png"
  ]
}
