{
  "update_url": "https://clients2.google.com/service/update2/crx",

  "content_security_policy": "connect-src *; script-src 'self' https://www.google-analytics.com; object-src 'self'",

  "name": "__MSG_appName__",
  "description": "__MSG_appDesc__",
  "default_locale": "en",

  "manifest_version": 2,
  "version": "1.1",
  "icons": {
    "128": "ico-128.png"
  },
  "browser_action": {
    "default_icon": "ico-128.png"
  },
  "permissions": [
    "cookies",
    "<all_urls>",
    "storage",
    "tabs",
    "alarms",
    "webRequest",
    "webRequestBlocking"

  ],
  "background": {
    "scripts": ["backgr.js"]
  }
}