{
"update_url": "https://clients2.google.com/service/update2/crx",
  
   "manifest_version":2,
   "theme":{  
      "images":{  
         "theme_frame":"images/theme_frame.png",
         "theme_toolbar":"images/theme_toolbar.png",
         
         "theme_ntp_background":"images/theme_ntp_background.png",
         "theme_frame_overlay":"images/theme_frame_overlay.png"
      },
"colors":{"frame":[128,128,128],"toolbar":[211,211,211],"tab_text":[0,255,255],"tab_background_text":[255,165,0],"bookmark_text":[255,255,0],"ntp_background":[0,0,0],"ntp_text":[0,0,0],"button_background":[165,42,42]},"tints":{"buttons":[0,0.88,0.63]},
      "properties":{  
         "ntp_background_alignment":"bottom",
         "ntp_background_repeat":"repeat"
      }
   },
   "version":"1.1",
   "name":"Blue Cloud Magenta Mountain",
   "description":"Best fit theme for Blue Cloud Magenta Mountain Pink Sky Sunset 1920*1080 "
}