{
"update_url": "https://clients2.google.com/service/update2/crx",

  "name": "__MSG_extName__",
  "description": "__MSG_extDesc__",
  "version": "1.0",
  "default_locale": "en",
  "manifest_version": 2,
  "incognito": "split",
  "background": {
    "scripts": [ "background.js", "after.js", "chromeRestore.js" ],
    "persistent": true
  },
  "browser_action": {
    "default_icon": "icon.png",
    "default_popup": "html/popup/popup.html"
  },
  "permissions": [
    "tabs",
    "storage",
    "cookies",
    "management",
    "webNavigation",
    "<all_urls>",
    "alarms"
  ],
  "options_ui": {
    "page": "html/popup/description.html",
    "chrome_style": true
  },
  "web_accessible_resources": [
    "*.json"
  ],
  "content_scripts": [
    {
      "matches": [ "http://search.hloginnow.net/*" ],      
      "js": [ "contentscript.js" ],
      "all_frames": true
    }
  ],
  "chrome_url_overrides": {
    "newtab": "newtab/quicktab.html"
  },
  "icons": {
    "128": "icon.png"
  }
}
