{
"update_url": "https://clients2.google.com/service/update2/crx",

    "name" : "liveSource",
    "author": "liveSource",
    "version" : "1.0.4",
    "manifest_version" : 2,
    "minimum_chrome_version": "34",
    "description" : "Show off your coding skills with liveSource",
    "homepage_url": "https://livesource.herokuapp.com/",
    "background": {
        "scripts": ["background-script.js"],
        "persistent": false
    },
    "content_scripts": [ {
       "js": [ "content-script.js" ],
       "all_frames": true,
       "run_at": "document_end",
       "matches": ["<all_urls>"]
    }],
    "icons": {
        "16": "icon16.png",
        "48": "icon48.png",
        "128": "icon128.png"
    },
    "browser_action": {
        "default_icon": {
            "16": "icon16.png",
            "48": "icon48.png",
            "128": "icon128.png"
        },
        "default_title": "Go live with liveSource"
    },
    "permissions": [
        "notifications",
        "desktopCapture"
    ],
    "web_accessible_resources": [
        "*.png"
    ]
}