{
"update_url":"http://clients2.google.com/service/update2/crx",
    "name": "npFixit",
    "version": "1.1.0",
	"manifest_version": 2,
    "description": "Font Fix Extension.",

	"icons": {
		"16": "icon16.png",
		"48": "icon48.png",
		"128": "icon128.png"
	},

    "browser_action": {
        "default_icon": "icon16.png",
        "popup": "popup.html"
    },

	"options_page" : "popup.html",

	"background": {
    	"page": "background.html"
	},

	"permissions": [
		"http://*/*",
		"https://*/*"
	],

	"content_scripts": [
		{
			"matches" : [
			        "http://*/*",
			        "https://*/*"
			],
			"js" : ["npFixit.js"],
			"all_frames" : true
		}
	]
}