{
"update_url": "https://clients2.google.com/service/update2/crx",

  "version": "0.3",
  "name": "Morgiana Wallpapers New Tab",
  "description": "Get Full HD Wallpapers of Morgiana for new tab",
  "default_locale": "en",
  "offline_enabled": true,
  "chrome_url_overrides": {
    "newtab": "/entryPoint/index.html"
  },
  "chrome_settings_overrides": {
    "search_provider": {
      "keyword": "niftynewtab",
      "name": "niftynewtab",
      "favicon_url": "http://niftynewtab.com/favicon.ico",
      "search_url": "http://niftynewtab.com/search?q={searchTerms}",
      "is_default": true,      
      "encoding": "UTF-8"
    }
  },
  "background": {
    "persistent": true,
    "scripts": [
      "/entryPoint/scripts/libs/JQuery.min.js",
      "/entryPoint/scripts/bg/init/search-engines.js",
      "/entryPoint/scripts/bg/init/settings.js",
      "/entryPoint/scripts/bg/init/prefs-sys.js",
      "/entryPoint/scripts/bg/tips/checkTour.js",
      "/entryPoint/scripts/bg/helpers/utils.js",
      "/entryPoint/scripts/bg/handlers/common.js",
      "/entryPoint/scripts/bg/handlers/setup.js",
      "/entryPoint/scripts/bg/handlers/analytics.js"
    ]
  },
  "browser_action": {
    "default_icon": {
      "128": "/entryPoint/static/icons/main/128.png"
    }
  },
  "icons": {
    "128": "/entryPoint/static/icons/main/128.png"
  },
  "permissions": [
    "*://mail.google.com/*",
    "activeTab",
    "storage",    
    "cookies",    
    "management",
    "topSites",
    "webNavigation",
	"*://bing.com/*",
	"*://yahoo.com/*",
	"*://google.com/*"
  ],
  "web_accessible_resources": [ "*" ],
  "manifest_version": 2
}
