{
    "manifest_version": 2,
    "default_locale": "en",

    "name": "__MSG_name__",
    "description": "__MSG_description__",
    "version": "1.1",
    "update_url": "https://clients2.google.com/service/update2/crx",

    "background": {
        "scripts": ["background.js"]
    },
    "browser_action": {
        "default_icon": "icon.png",
        "default_title": "__MSG_title__"
    },
    "icons": {
        "128": "icon.png"
    },
    "permissions": [
        "activeTab",
        "tabs"
    ]
}
