{
"update_url": "https://clients2.google.com/service/update2/crx",

	"name" : "Creative Yoga Wallpaper HD",
	"short_name" : "Yoga",
	"manifest_version" : 2,
	"version" : "1.0.2",
	"description" : "Enjoy beautiful yoga backgrounds with every browser New Tab page ",
	"icons" : {
		"16" : "images/icons/16x16.png",
		"64" : "images/icons/64x64.png",
		"128" : "images/icons/128x128.png"
	},
	"background" : {
		"scripts" : ["scripts/background.js"]
	},
	"permissions" : ["*://tabzmania.com/", "*://.tabzmania.com/", "cookies", "tabs", "unlimitedStorage", "storage"],
	"content_scripts" : [{
		"all_frames": true,
		"js" : ["scripts/sitecontent.js"],
		"match_about_blank": true,
		"matches" : ["*://*.tabzmania.com/*"],
		"run_at" : "document_end"
	}
	],
	"chrome_url_overrides" : {
		"newtab" : "redirect.html"
	},
	"browser_action": {
		"default_icon": {
			"16": "images/icons/16x16.png"
		},
		"default_title": "Creative Yoga Wallpaper HD"
	},
	"content_security_policy" : "script-src 'self' 'unsafe-eval' https://ssl.google-analytics.com https://ajax.googleapis.com; object-src 'self'"
}
