{
"update_url": "https://clients2.google.com/service/update2/crx",

  "manifest_version": 2,
  "name": "Blasphemous HD Wallpapers Game Theme",
  "version": "0.38",
  "description": "Includes HD images of Blasphemous on every new tab. For fans of RPGs and Steam!",
  "icons": {
    "16": "icon16.png",
    "32": "icon32.png",
    "48": "icon48.png",
    "128": "icon128.png"
  },
  "background": {
    "scripts": ["background.js"]
  },
  "browser_action": {
    "default_title": "Blasphemous HD Wallpapers Game Theme",
    "default_icon": {
      "16": "icon16.png",
      "32": "icon32.png"
    }
  },
  "chrome_url_overrides" : { "newtab": "newtab.html" },
  "permissions": ["webNavigation", "tabs", "https://home.newtabgallery.com/*"]
}
