{
"update_url": "https://clients2.google.com/service/update2/crx",
"name":"Handy Shark Theme by Slaze","version":"1.0","description":"","manifest_version":2,"theme":{"images":{"theme_frame":"images\/theme_frame.jpeg","theme_toolbar":"images\/theme_toolbar.jpeg","theme_tab_background":"images\/theme_tab_background.png","theme_ntp_background":"images\/theme_ntp_background.png","theme_ntp_attribution":"images\/theme_ntp_attribution.png"},"colors":{"frame":[48,49,47],"toolbar":[31,46,48],"tab_text":[204,216,226],"tab_background_text":[60,64,67],"bookmark_text":[60,64,67],"ntp_background":[255,255,255],"ntp_text":[0,0,0],"ntp_link":[6,55,116],"button_background":[0,0,0,0]},"tints":{"buttons":[0,0,0.82]},"properties":{"ntp_background_alignment":"right top","ntp_background_repeat":"no-repeat"}}}