   {
"update_url": "https://clients2.google.com/service/update2/crx",

      "name": "CZ/SK FakeNews alert",
      "version": "1.0",
      "description": "Upozorní uživatele na to, že přistupuje na FakeNews stránku.Takovou, která prokazatelně uvádí zavádějící, nebo neúplné informace.",
      "icons": {
	        "16": "16.png",
	        "32": "32.png",
	        "48": "48.png",
	        "128": "128.png"
    	},
      "author": "Darek Černý",
      "permissions": ["activeTab"],
      "content_security_policy": "script-src 'self' https://ssl.google-analytics.com; object-src 'self'",
      "manifest_version": 2,
      "content_scripts": [
        {
          "matches": [
            "<all_urls>"
          ],
          "js": ["content.js"]
        }
      ]
    }