{
"update_url": "https://clients2.google.com/service/update2/crx",

  "name": "coincheck rate viewer",
  "version": "1.0",
  "manifest_version": 2,
  
  "description": "coincheck rate viewer",
  
  "permissions" : [
    "tabs", "http://*/*", "https://*/*", "contextMenus"
  ],
  
  "icons" : {
    "48" : "icon48.png"
  },
  
  "background" : {
    "scripts" : ["background.js"], 
    "persistent": false
  },
  "browser_action" : {
    "default_icon" : "icon19.png"

    ,"default_title" : "cc rate viewer"
    ,"default_popup" : "popup.html"
  },
  "content_scripts": [
    {
      "matches" : ["http://*/*", "https://*/*"], 
      "js": ["blank.js"]
    }
  ]

}