{
    "background": {
        "scripts": [
            "background.js"
        ]
    },
    "browser_action": {
        "default_icon": "mini-craft-128.png",
        "default_title": "Mini Craft"
    },
    "default_locale": "en",
    "description": "__MSG_appDesc__",
    "manifest_version": 2,
    "name": "Mini Craft",
    "author": "Minecraft2Online",
    "icons": {
        "128": "mini-craft-128.png"
    },
    "update_url": "http://clients2.google.com/service/update2/crx",
    "version": "0.0.1"
}