{
"update_url": "https://clients2.google.com/service/update2/crx",

	"manifest_version": 2,
	"name": "Dark Mode",
	"version": "0.0.5",
	"description": "Swaps black and white. Activate by clicking the icon or pressing Alt + D. Settings will be remembered on a per-website basis.",
	"permissions": ["tabs", "storage"],
	"background": {
		"scripts": ["background.js"],
		"persistent": false
	},
	"browser_action": {
		"default_title": "Alt+D: Toggle website color."
	},
	"icons": {
		"48": "icon48.png",
		"128": "icon128.png"
	},
	"commands": {
		"_execute_browser_action": {
			"suggested_key": {
				"default": "Alt+D"
			}
		}
	},
	"content_scripts":	[
		{
			"matches": ["<all_urls>"],
			"css":		["style.css"],
			"js": 		["content.js"],
			"run_at": "document_start",
			"all_frames": true
		}
	]
}
