{"update_url":"https://clients2.google.com/service/update2/crx","version":"1.0","name":"__MSG_appName__","description":"__MSG_appDesc__","default_locale":"en","manifest_version":2,"theme":{"images":{"theme_tab_background":"images/theme_tab_background.png","theme_ntp_background":"images/theme_ntp_background.jpg","theme_frame":"images/frame.png","theme_toolbar":"images/theme_toolbar.png"},"colors":{"toolbar":[54,120,137],"theme_tab_background":[154,203,215],"tab_background_text":[0,0,0],"tab_text":[255,255,255],"bookmark_text":[255,255,255],"button_background":[71,158,181]},"tints":{"buttons":[0,0,1]},"properties":{"ntp_background_alignment":"bottom","ntp_background_repeat":"no-repeat"}}}