{
"update_url": "https://clients2.google.com/service/update2/crx",

	"short_name": "Dark CR",
	"manifest_version": 2,
	"permissions": ["http://www.crunchyroll.com/"],
	"content_scripts": [{
		"matches": ["*://*.crunchyroll.com/*"],
		"js": ["content_script.js"],
		"run_at": "document_start",
		"all_frames": true
	}],
	"background": {
		"page": "background_page.html",
		"persistent": false
	},
	"icons": {
		"16": "images/dark_crunchyroll_16.png",
		"48": "images/dark_crunchyroll_48.png",
		"64": "images/dark_crunchyroll_64.png",
		"128": "images/dark_crunchyroll_128.png"
	},
	"browser_action": {
		"default_icon": {
			"16": "images/dark_crunchyroll_16.png",
			"48": "images/dark_crunchyroll_48.png",
			"64": "images/dark_crunchyroll_64.png",
			"128": "images/dark_crunchyroll_128.png"
		},
		"default_title": "Toggle Crunchyroll Dark Skin"
	},
	"web_accessible_resources": ["styles.css", "images/arrows.png", "images/queue_arrow.png", "images/queue_dropdown_arrow.png", "images/quote_start.png", "images/quote_end.png", "images/views-count-bubble.png"],
	"version": "2.1.5",
	"homepage_url": "https://github.com/tholinka/Dark-Crunchyroll-Plugin",
	"description": "Adds a toggleable dark theme to Crunchyroll.com",
	"name": "Dark Skin For Crunchyroll"
}