{
"update_url":"http://clients2.google.com/service/update2/crx","manifest_version":2,"theme":{"images":{"theme_frame":"images\/theme_frame.png","theme_toolbar":"images\/theme_toolbar.png","theme_tab_background":"images\/theme_tab_background.png","theme_ntp_background":"images\/theme_ntp_background.png"},"colors":{"frame":[66,116,201],"toolbar":[0,0,0],"tab_text":[0,0,0],"tab_background_text":[255,255,255],"bookmark_text":[18,50,114],"ntp_background":[255,255,255],"ntp_text":[0,0,0],"button_background":[147,255,111,0.35]},"tints":{"buttons":[0.2,0.43,0.52]},"properties":{"ntp_background_alignment":"right bottom","ntp_background_repeat":"no-repeat"}},"name":"Blue Nova","version":"1","description":""}