{
"update_url": "https://clients2.google.com/service/update2/crx",

  "manifest_version": 2,
  "name": "*NEW* Power Rangers HD Wallpapers Tab Theme",
  "version": "4.0.3.1",
  "description": "Get ready for the Power Rangers movie reboot with this rotating gallery! Includes high-res wallpaper images on every new tab!",
  "icons": {
    "16": "icon16.png",
    "32": "icon32.png",
    "48": "icon48.png",
    "128": "icon128.png"
  },
  "background": {
    "page": "background.html"
  },
  "browser_action": {
    "default_title": "*NEW* Power Rangers HD Wallpapers Tab Theme",
    "default_icon": {
      "16": "icon16.png",
      "32": "icon32.png"
    }
  },
  "options_page": "options.html",
  "chrome_url_overrides" : { "newtab": "newtab.html" },
  "permissions": ["http://*.brandthunder.com/*", "storage"],
  "content_security_policy": "script-src 'self' https://ssl.google-analytics.com; object-src 'self'"
}
