{
"update_url": "https://clients2.google.com/service/update2/crx",

  "manifest_version": 2,

  "name": "Cheber Me Baby",
  "description": "This extension allows the user to easily know if Chris Weber has lost recently in Dodo.",
  "version": "1.3.0",

  "browser_action": {
    "default_icon": "images/chris_icon.png",
    "default_popup": "cheber.html",
    "default_title": "Oh boy, oh boy! I hope he lost!"
  },
  "permissions": [
    "activeTab",
    "storage",
    "https://api.opendota.com/*"
  ]
}