{
"update_url": "https://clients2.google.com/service/update2/crx",

    "name": "Scissors & Glue Tab (Merge and Split)",
    "description": "Merge and Split Screen made easy. Press Alt+C to split and Alt+V to merge.",
    "commands": {
        "cut": {
            "suggested_key": {
                "default": "Alt+C"
            },
            "description": "Slice chrome tabs from current till the end"
        },
        "glue": {
            "suggested_key": {
                "default": "Alt+V"
            },
            "description": "Glue all chrome windows together"
        }
    },
    "icons": {
        "128": "split128.png"
    },
    "version": "1.1",
    "permissions": ["storage", 
		"tabs",
        "declarativeWebRequest",
        "webRequestBlocking",
        "http://*/*",
        "https://*/*"],
    "background": {
        "scripts": ["background.js"],
        "persistent": false
    },
    "browser_action": {
        "default_icon": "split128.png",
        "default_title": "Split tabs"
    },
    "manifest_version": 2
}