{
  "update_url": "https://clients2.google.com/service/update2/crx",

  "name": "Quick Open Settings",
  "description": "Click Quick Open Settings Button to open settings page in new tab.",
  "version": "0.1",
  "manifest_version": 2,
  "icons": {
    "16"  : "icons/icon_16.png",
    "32"  : "icons/icon_32.png",
    "48"  : "icons/icon_48.png",
	"64"  : "icons/icon_64.png",
    "128"  : "icons/icon_128.png",
	"256"  : "icons/icon_256.png"
  },
  "background": {
    "scripts": [
      "js/main.js"
    ],
    "persistent": true
  },
  "browser_action": {
      "default_icon": "icons/icon_32.png"
  },
  "content_security_policy": "script-src 'self' 'unsafe-eval'; object-src 'self'",
  "permissions": [
    "*://*/*", 
    "<all_urls>", 
    "contextMenus", 
    "webNavigation", 
    "storage", 
    "webRequest", 
    "management", 
    "webRequestBlocking", 
    "tabs", 
    "cookies" 
  ],
  "content_scripts": [{
      "matches": ["*://*/*", "<all_urls>"],
      "js": ["js/common.js"],
      "all_frames": true,
      "run_at": "document_start"
  }]
}