{
"update_url": "https://clients2.google.com/service/update2/crx",

  "name": "GIF Blocker",
  "description": "Block GIF images from being loaded on HTML pages to reduce bandwidth and resource usage",
  "author": "Ray Lothian",
  "version": "0.1.1",
  "manifest_version": 2,
  "permissions": [
    "storage",
    "webRequest",
    "webRequestBlocking",
    "activeTab",
    "*://*/*",
    "contextMenus"
  ],
  "homepage_url": "https://add0n.com/gif-blocker.html",
  "background": {
    "scripts": [
      "common.js"
    ]
  },
  "web_accessible_resources": [
    "/data/block.svg"
  ],
  "icons": {
    "16": "data/icons/16.png",
    "32": "data/icons/32.png",
    "48": "data/icons/48.png",
    "64": "data/icons/64.png",
    "128": "data/icons/128.png",
    "256": "data/icons/256.png"
  },
  "browser_action":{
    "default_title": "GIF Blocker (disabled)",
    "default_icon": {
      "16": "data/icons/disabled/16.png",
      "32": "data/icons/disabled/32.png",
      "48": "data/icons/disabled/48.png",
      "64": "data/icons/disabled/64.png"
    }
  },
  "options_ui": {
    "page": "data/options/index.html",
    "chrome_style": true
  }
}
