{
"update_url": "https://clients2.google.com/service/update2/crx",

    "manifest_version": 2,
    "name": "Appledaily No Member",
    "description": "***THIS APP IS NOT PUBLISHED BY APPLEDAILY*** \r\nLet you read appledaily news without register",
    "version": "1.0.1",
    "author": "Roy Wong",
    "browser_action": {
        "default_icon": {
            "19": "/tab-icon-inactive-19x.png",
            "38": "/tab-icon-inactive-38x.png"
        },
        "default_title": "Appledaily"
    },
    "permissions": [
        "https://*.appledaily.com/*",
        "https://stat.hkit9.com/",
        "background",
        "tabs"
    ],
    "content_scripts": [{
        "matches": ["https://*.appledaily.com/*"],
        "js": ["jquery-3.4.0.min.js", "nomember.js"],
        "run_at": "document_end"
    }],
    "background": {
        "scripts": ["background.js"],
        "persistent": true
    },
    "icons": { "16": "logo-16.png",
        "48": "logo-48.png",
       "128": "logo-128.png" }
}