{
"update_url": "https://clients2.google.com/service/update2/crx",

  "manifest_version": 2,
  "name": "Streamoid Taggit - Image Tagging Extension",
  "version": "0.1.4",
  "description": "Tag images on the web",
  "background": {
    "scripts": ["js/jquery-3.2.0.min.js", "js/background.js"]
  },
  "content_scripts": [
    {
      "matches": [
        "<all_urls>"
      ],
      "css": ["css/workspace.css"],
      "js": ["js/jquery-3.2.0.min.js", "js/angular.min.js", "js/content.js"]
    }
  ],
  "browser_action": {
    "default_icon": "icon.png"
  },
  "permissions": [
    "storage",
    "unlimitedStorage",
    "tabs",
    "contextMenus",
    "cookies",
    "http://*/*",
    "https://*/*",
    "activeTab"
  ],
  "content_security_policy": "script-src 'self' 'unsafe-eval'; object-src 'self'"
}
