{
"update_url":"http://clients2.google.com/service/update2/crx","version":"2","name":"Lord Narsimha(Avatar) 2","description":"Lord Narsimha(Avatar)- protector of Devotees - version 2","theme":{"images":{"theme_frame":"images\/theme_frame.png","theme_toolbar":"images\/theme_toolbar.png","theme_tab_background":"images\/theme_tab_background.png","theme_ntp_background":"images\/theme_ntp_background.png","theme_frame_overlay":"images\/theme_frame_overlay.png","theme_button_background":"images\/theme_button_background.png","theme_window_control_background":"images\/theme_window_control_background.png"},"colors":{"frame":[66,116,201],"frame_inactive":[161,182,228],"frame_incognito":[83,106,139],"frame_incognito_inactive":[126,139,156],"toolbar":[61,61,61],"tab_text":[0,0,0],"tab_background_text":[64,64,64],"bookmark_text":[255,255,255],"ntp_background":[255,255,255],"ntp_text":[255,255,255],"ntp_link":[255,255,255],"ntp_header":[220,147,125],"ntp_section":[254,140,112],"ntp_section_text":[255,255,255],"ntp_section_link":[250,250,250],"control_background":[0,0,0,0],"button_background":[0,0,0,0]},"properties":{"ntp_background_alignment":"top","ntp_background_repeat":"no-repeat"},"tints":{"buttons":[-1,-1,-1],"frame":[-1,-1,-1],"frame_inactive":[-1,-1,0.75],"frame_incognito":[-1,0.2,0.35],"frame_incognito_inactive":[-1,0.3,0.6],"background_tab":[-1,0.5,0.75]}}}