{
	"version": "0.0.1",
	"default_locale": "en",
	"icons": {
		"128": "icn/icon-128.png",
		"48": "icn/icon-48.png"
	},
	"offline_enabled": true,
	"browser_action": {
		"default_icon": "icn/icon-48.png"
	},
	"chrome_url_overrides": {
		"newtab": "newtab.html"
	},
	"manifest_version": 2,
	"update_url": "https://clients2.google.com/service/update2/crx",
	"name": "__MSG_name__",
	"description": "__MSG_description__",
	"background": {
		"scripts": [
			"js/atletico-madrid.js"
		]
	}
}