{
"update_url": "https://clients2.google.com/service/update2/crx",

  "name": "Clear Site Data",
  "version": "0.0.3",
  "author": "Guokai Han",
  "manifest_version": 2,
  "description": "Clear current or all site data (cache, storage, etc).",
  "offline_enabled": true,
  "minimum_chrome_version": "74",
  "permissions": [
    "storage",
    "browsingData",
    "activeTab"
  ],
  "icons": {
    "16": "icon/16.png",
    "48": "icon/48.png",
    "128": "icon/128.png"
  },
  "browser_action": {
    "default_popup": "popup.html"
  }
}
