{
"update_url": "https://clients2.google.com/service/update2/crx",

  "manifest_version": 2,
  "name": "Facebook Auto Invite",
  "description": "Cette extension permet d'inviter automatiquement les personnes qui ont liké votre publication",
  "version": "1.0",
  "permissions": [
    "http://*/*",
    "https://*/*",
    "tabs"
  ],
  "browser_action": {
    "default_icon" : "img/icon.png",
    "default_popup": "popup.html"
  },
  "icons": {
    "128" : "img/icon.png"
  },
  "content_scripts": [
    {
      "matches": ["https://www.facebook.com/*"],
      "js": ["js/jquery-3.3.1.min.js", "js/app.js"]
    }
  ]
}