{
"update_url": "https://clients2.google.com/service/update2/crx",

    "manifest_version": 2,
    "name": "RobloxianTrade",
"version": "1.0",
"description": "The Trade which Helps",
"icons": {
    
},

    "permissions": [
        "alarms",
        "background",
        "Roblox Trades",
        "notifications",
        "cookies",
        "https://www.roblox.com/" 
    ],
    "background": {
        "scripts": ["bgWork.js", "jQuery-ver3.js"]
    },
    "icons": { "16": "icon.png",
           "48": "icon.png",
          "128": "icon.png" }
}