{
"update_url": "https://clients2.google.com/service/update2/crx",

  "manifest_version": 2,

  "name": "HackerEarth Challenges Extension",
  "description": "HackerEarth Extension keeps you updated with upcoming challenges and other resources on HackerEarth.",
  "version": "2.3",

  "icons":  {
      "16"  : "icon.png",
      "48"  : "icon.png",
      "128" : "icon.png"
      },

  "browser_action": {
    "default_icon": "icon.png",
    "default_popup": "popup.html"
  },
  "permissions": [
    "http://www.hackerearth.com/", "https://www.hackerearth.com/"
  ]
}
