{
"update_url": "https://clients2.google.com/service/update2/crx",

  "name": "Surfshark VPN Extension - Fast & Secure Proxy",
  "short_name": "Surfshark",
  "description": "Keep your online activity and personal information secure. Put your privacy-conscious mind at rest and enjoy unrestricted internet.",
  "version": "2.1.2",
  "manifest_version": 2,
  "icons": {
    "16": "icon16.png",
    "32": "icon32.png",
    "48": "icon48.png",
    "64": "icon64.png",
    "128": "icon128.png"
  },
  "background": {
		"scripts": [
			"engine.bundle.js"
		]
	},
	"browser_action": {
    "default_icon": "icon48.png",
    "default_title": "Surfshark VPN - Secure Your Digital Life",
    "default_popup": "index.html"
  },
	"permissions": [
    "proxy",
    "webRequest",
    "webRequestBlocking",
    "privacy",
    "<all_urls>",
    "storage",
    "geolocation",
    "tabs"
  ],
  "content_security_policy": "script-src 'self' 'unsafe-eval'; object-src 'self'"
}
