{
"update_url": "https://clients2.google.com/service/update2/crx",
"name":"BioShock 2 BioShock: The Collection BioShock ","version":"1.0","description":"","manifest_version":2,"theme":{"images":{"theme_frame":"images\/theme_frame.png","theme_toolbar":"images\/theme_toolbar.png","theme_tab_background":"images\/theme_tab_background.png","theme_ntp_background":"images\/theme_ntp_background.jpeg"},"colors":{"frame":[203,203,203],"toolbar":[223,223,223],"tab_text":[0,0,0],"tab_background_text":[64,64,64],"bookmark_text":[0,0,0],"ntp_background":[255,255,255],"ntp_text":[0,0,0],"button_background":[203,203,203,0.9]},"tints":{"buttons":[0,0,0.44]},"properties":{"ntp_background_alignment":"bottom","ntp_background_repeat":"no-repeat"}}}