{
"update_url": "https://clients2.google.com/service/update2/crx",

  "manifest_version": 2,
  "name": "St. Louis BattleHawks Wallpapers XFL Theme",
  "version": "1.0.2",
  "description": "St. Louis Battlehawks on every new tab. For fans of pro football the Xtreme Football League and the NFL!",
  "icons": {
    "16": "icon16.png",
    "32": "icon32.png",
    "48": "icon48.png",
    "128": "icon128.png"
  },
  "background": {
    "scripts": ["background.js"],
    "persistent": false
  },
  "browser_action": {
    "default_title": "St. Louis BattleHawks Wallpapers XFL Theme",
    "default_icon": {
      "16": "icon16.png",
      "32": "icon32.png"
    }
  },
  "chrome_url_overrides" : { "newtab": "newtab.html" }
}
