{
"update_url": "https://clients2.google.com/service/update2/crx",
"manifest_version":2,"theme":{"images":{"theme_frame":"images\/theme_frame.png","theme_toolbar":"images\/theme_toolbar.png","theme_tab_background":"images\/theme_tab_background.png","theme_ntp_background":"images\/theme_ntp_background.png","theme_ntp_attribution":"images\/theme_ntp_attribution.png"},"colors":{"frame":[66,116,201],"toolbar":[210,157,255],"tab_text":[43,255,0],"tab_background_text":[255,0,0],"bookmark_text":[255,0,0],"ntp_background":[255,255,255],"ntp_text":[255,119,0],"button_background":[0,0,0,0]},"tints":{"buttons":[0,0,1]},"properties":{"ntp_background_alignment":"bottom","ntp_background_repeat":"no-repeat"}},"name":"Assassination Classroom 09 - 1920x1080","version":"1","description":""}