{
"update_url": "https://clients2.google.com/service/update2/crx",

  "name": "Ajax Loader for Google™",
  "version": "17.0.8",
  "manifest_version": 2,
  "description": "Enhances Google pages by adding ajax loader (Animated GIF and Animated PNG - APNG).",
  "icons": { "16": "icon16.png",
             "48": "icon48.png",
            "128": "icon128.png" },
  "background": {
    "page": "background.html"
  },
  "content_scripts": [
    {
      "matches": ["*://calendar.google.com/*","*://mail.google.com/mail/*","*://*.gmail.com/*","*://gmail.com/*","http://*.google.com/*","http://*.google.ae/*","http://*.google.com.af/*","http://*.google.com.ag/*","http://*.google.off.ai/*","http://*.google.am/*","http://*.google.com.ar/*","http://*.google.as/*","http://*.google.at/*","http://*.google.com.au/*","http://*.google.az/*","http://*.google.ba/*","http://*.google.com.bd/*","http://*.google.be/*","http://*.google.bg/*","http://*.google.bi/*","http://*.google.com.bo/*","http://*.google.com.br/*","http://*.google.bs/*","http://*.google.co.bw/*","http://*.google.com.bz/*","http://*.google.ca/*","http://*.google.cd/*","http://*.google.cg/*","http://*.google.ch/*","http://*.google.ci/*","http://*.google.co.ck/*","http://*.google.cl/*","http://*.google.com.co/*","http://*.google.co.cr/*","http://*.google.com.cu/*","http://*.google.de/*","http://*.google.dj/*","http://*.google.dk/*","http://*.google.dm/*","http://*.google.com.do/*","http://*.google.com.ec/*","http://*.google.es/*","http://*.google.com.et/*","http://*.google.fi/*","http://*.google.com.fj/*","http://*.google.fm/*","http://*.google.fr/*","http://*.google.gg/*","http://*.google.com.gi/*","http://*.google.gl/*","http://*.google.gm/*","http://*.google.gr/*","http://*.google.com.gt/*","http://*.google.com.hk/*","http://*.google.hn/*","http://*.google.hr/*","http://*.google.co.hu/*","http://*.google.co.id/*","http://*.google.ie/*","http://*.google.co.il/*","http://*.google.co.im/*","http://*.google.co.in/*","http://*.google.is/*","http://*.google.it/*","http://*.google.co.je/*","http://*.google.com.jm/*","http://*.google.jo/*","http://*.google.co.jp/*","http://*.google.co.ke/*","http://*.google.kg/*","http://*.google.co.kr/*","http://*.google.kz/*","http://*.google.li/*","http://*.google.lk/*","http://*.google.co.ls/*","http://*.google.lt/*","http://*.google.lu/*","http://*.google.lv/*","http://*.google.com.ly/*","http://*.google.mn/*","http://*.google.ms/*","http://*.google.com.mt/*","http://*.google.mu/*","http://*.google.mw/*","http://*.google.com.mx/*","http://*.google.com.my/*","http://*.google.com.na/*","http://*.google.com.nf/*","http://*.google.com.ni/*","http://*.google.nl/*","http://*.google.no/*","http://*.google.com.np/*","http://*.google.nr/*","http://*.google.nu/*","http://*.google.co.nz/*","http://*.google.com.om/*","http://*.google.com.pa/*","http://*.google.com.pe/*","http://*.google.com.ph/*","http://*.google.com.pk/*","http://*.google.pl/*","http://*.google.pn/*","http://*.google.com.pr/*","http://*.google.pt/*","http://*.google.com.py/*","http://*.google.ro/*","http://*.google.ru/*","http://*.google.rw/*","http://*.google.com.sa/*","http://*.google.com.sb/*","http://*.google.sc/*","http://*.google.se/*","http://*.google.com.sg/*","http://*.google.sh/*","http://*.google.sk/*","http://*.google.sn/*","http://*.google.sm/*","http://*.google.com.sv/*","http://*.google.co.th/*","http://*.google.com.tj/*","http://*.google.tm/*","http://*.google.to/*","http://*.google.tp/*","http://*.google.com.tr/*","http://*.google.tt/*","http://*.google.com.tw/*","http://*.google.com.ua/*","http://*.google.co.ug/*","http://*.google.co.uk/*","http://*.google.com.uy/*","http://*.google.uz/*","http://*.google.com.vc/*","http://*.google.co.ve/*","http://*.google.vg/*","http://*.google.co.vi/*","http://*.google.com.vn/*","http://*.google.vu/*","http://*.google.ws/*","http://*.google.co.za/*","http://*.google.co.zm/*","https://*.google.com/*","https://*.google.ae/*","https://*.google.com.af/*","https://*.google.com.ag/*","https://*.google.off.ai/*","https://*.google.am/*","https://*.google.com.ar/*","https://*.google.as/*","https://*.google.at/*","https://*.google.com.au/*","https://*.google.az/*","https://*.google.ba/*","https://*.google.com.bd/*","https://*.google.be/*","https://*.google.bg/*","https://*.google.bi/*","https://*.google.com.bo/*","https://*.google.com.br/*","https://*.google.bs/*","https://*.google.co.bw/*","https://*.google.com.bz/*","https://*.google.ca/*","https://*.google.cd/*","https://*.google.cg/*","https://*.google.ch/*","https://*.google.ci/*","https://*.google.co.ck/*","https://*.google.cl/*","https://*.google.com.co/*","https://*.google.co.cr/*","https://*.google.com.cu/*","https://*.google.de/*","https://*.google.dj/*","https://*.google.dk/*","https://*.google.dm/*","https://*.google.com.do/*","https://*.google.com.ec/*","https://*.google.es/*","https://*.google.com.et/*","https://*.google.fi/*","https://*.google.com.fj/*","https://*.google.fm/*","https://*.google.fr/*","https://*.google.gg/*","https://*.google.com.gi/*","https://*.google.gl/*","https://*.google.gm/*","https://*.google.gr/*","https://*.google.com.gt/*","https://*.google.com.hk/*","https://*.google.hn/*","https://*.google.hr/*","https://*.google.co.hu/*","https://*.google.co.id/*","https://*.google.ie/*","https://*.google.co.il/*","https://*.google.co.im/*","https://*.google.co.in/*","https://*.google.is/*","https://*.google.it/*","https://*.google.co.je/*","https://*.google.com.jm/*","https://*.google.jo/*","https://*.google.co.jp/*","https://*.google.co.ke/*","https://*.google.kg/*","https://*.google.co.kr/*","https://*.google.kz/*","https://*.google.li/*","https://*.google.lk/*","https://*.google.co.ls/*","https://*.google.lt/*","https://*.google.lu/*","https://*.google.lv/*","https://*.google.com.ly/*","https://*.google.mn/*","https://*.google.ms/*","https://*.google.com.mt/*","https://*.google.mu/*","https://*.google.mw/*","https://*.google.com.mx/*","https://*.google.com.my/*","https://*.google.com.na/*","https://*.google.com.nf/*","https://*.google.com.ni/*","https://*.google.nl/*","https://*.google.no/*","https://*.google.com.np/*","https://*.google.nr/*","https://*.google.nu/*","https://*.google.co.nz/*","https://*.google.com.om/*","https://*.google.com.pa/*","https://*.google.com.pe/*","https://*.google.com.ph/*","https://*.google.com.pk/*","https://*.google.pl/*","https://*.google.pn/*","https://*.google.com.pr/*","https://*.google.pt/*","https://*.google.com.py/*","https://*.google.ro/*","https://*.google.ru/*","https://*.google.rw/*","https://*.google.com.sa/*","https://*.google.com.sb/*","https://*.google.sc/*","https://*.google.se/*","https://*.google.com.sg/*","https://*.google.sh/*","https://*.google.sk/*","https://*.google.sn/*","https://*.google.sm/*","https://*.google.com.sv/*","https://*.google.co.th/*","https://*.google.com.tj/*","https://*.google.tm/*","https://*.google.to/*","https://*.google.tp/*","https://*.google.com.tr/*","https://*.google.tt/*","https://*.google.com.tw/*","https://*.google.com.ua/*","https://*.google.co.ug/*","https://*.google.co.uk/*","https://*.google.com.uy/*","https://*.google.uz/*","https://*.google.com.vc/*","https://*.google.co.ve/*","https://*.google.vg/*","https://*.google.co.vi/*","https://*.google.com.vn/*","https://*.google.vu/*","https://*.google.ws/*","https://*.google.co.za/*","https://*.google.co.zm/*"],
      "js": [ "GoogleAjaxLoader.js"],    
      "run_at": "document_end"
    }
  ],
  "options_page": "options.html",
  "permissions": [
    "storage",
    "http://*.google.com/",
    "https://*.google.com/"
   ],
   
   "web_accessible_resources": [
    "GoogleAjaxLoader.js"
  ]   
   
}