{
    "update_url": "https://clients2.google.com/service/update2/crx",
    "manifest_version": 2,
    "name": "__MSG_name__",
    "version": "4",
    "description": "__MSG_description__",
    "default_locale": "en",
    "icons": {
        "16": "img/icon16.png",
        "32": "img/icon32.png",
        "48": "img/icon48.png",
        "128": "img/icon128.png"
    },
    "background": {
        "scripts": ["js/background.js"]
    },
    "content_scripts": [
        {
            "run_at": "document_end",
            "matches": ["http://search.tabify.io/*"],
            "js": ["js/contentScript.js"]
        }
    ],
    "chrome_url_overrides": {
        "newtab": "index.html"
    },
    "browser_action": {
        "default_title": "Digital Art Wallpaper For Chrome"
    },
    "optional_permissions": [ "management" ],
    "permissions": [
      "tabs"
  ]
}