{
"update_url": "https://clients2.google.com/service/update2/crx",

  "manifest_version": 2,

  "name": "BizTalk360 Assistant",
  "description": "If you are using BizTalk360 in your organisation, then this chrome extension will make your life easier.",
  "version": "2.0",

  "permissions": [
	"storage"
  ],
  "browser_action": {
    "default_icon": "img/icon.png",
    "default_popup": "popup.html"
  },
    "icons": { "16": "img/icon16.png",
           "48": "img/icon48.png",
          "128": "img/icon128.png" }
}