{
"update_url": "https://clients2.google.com/service/update2/crx",

  "name": "Yoti Password Manager",
  "description": "A secure, simple to use password manager. No master password means you never need to remember a password again.",
  "version": "1.12.0.162",
  "background": {
    "scripts": ["libs/popup-libs.min.js", "popup/config.js", "background.js"],
    "persistent": true
  },
  "icons": {
    "16": "resources/icons/DBE_icon_16px_active.png",
    "32": "resources/icons/DBE_icon_32px_active.png",
    "48": "resources/icons/DBE_icon_48px_active.png",
    "64": "resources/icons/DBE_icon_64px_active.png",
    "96": "resources/icons/DBE_icon_96px_active.png",
    "128": "resources/icons/DBE_icon_128px_active.png"
  },
  "permissions": ["tabs", "http://*/*", "https://*/*", "storage", "webRequest", "cookies"],
  "content_security_policy": "script-src 'self' https://d4qg13dhhbsue.cloudfront.net; object-src 'self'",
  "content_scripts": [
    {
      "matches": ["http://*/*", "https://*/*"],
      "css": ["initial.css", "content.css"],
      "js": ["popup/config.js", "libs/vendor.min.js", "content_script.js"],
      "all_frames": true
    },
    {
      "matches": ["*://*/popup/tutorial.html"],
      "css": ["initial.css", "content.css"],
      "js": ["popup/config.js", "libs/vendor.min.js", "popup/tutorial.js"]
    }
  ],
  "browser_action": {
    "default_title": "Yoti Password Manager",
    "default_icon": {
      "16": "resources/icons/DBE_icon_16px_signed_out.png",
      "32": "resources/icons/DBE_icon_32px_signed_out.png",
      "48": "resources/icons/DBE_icon_48px_signed_out.png",
      "64": "resources/icons/DBE_icon_64px_signed_out.png",
      "96": "resources/icons/DBE_icon_96px_signed_out.png",
      "128": "resources/icons/DBE_icon_128px_signed_out.png"
    },
    "default_popup": "popup/popup.html"
  },
  "incognito": "spanning",
  "web_accessible_resources": [
    "resources/CWB0XYA8bzo0kSThX0UTuA.woff2",
    "resources/Fcx7Wwv8OzT71A3E1XOAjvesZW2xOQ-xsNqO47m55DA.woff2",
    "resources/hMqPNLsu_dywMa4C_DEpY44P5ICox8Kq3LLUNMylGO4.woff2",
    "resources/sprite.css-05b3de2c.svg",
    "resources/close-hover.png",
    "resources/close-active.png",
    "resources/refresh-active.png",
    "resources/refresh-hover.png",
    "resources/yoti.png",
    "resources/yoti-disabled.png",
    "resources/yoti-locked.png",
    "resources/yoti-locked@2x.png",
    "resources/yoti-password-generator.png",
    "resources/yoti-password-generator@2x.png",
    "resources/yoti-login-detected.png",
    "resources/yoti-login-detected@2x.png",
    "resources/words.txt",
    "resources/regenerate_password.png",
    "resources/Input-icon-succes.png",
    "resources/Input-icon-error.png",
    "resources/icon_alert.png",
    "resources/right-arrow.png",
    "templates/*.html",
    "resources/fonts/*.woff",
    "resources/show_password.png",
    "resources/show_password_hover.png",
    "resources/icon_hide_password.png",
    "resources/icon_hide_password_hover.png",
    "resources/icons/icon_refresh.png",
    "resources/icons/icon_chevron_small.png",
    "resources/icons/icon_chevron_small_hover.png",
    "resources/icons/password_type_tick.png",
    "resources/icons/icon_back.png",
    "resources/icons/icon_back_hover.png"
  ],
  "manifest_version": 2
}
