{
"update_url": "https://clients2.google.com/service/update2/crx",

  "name": "Space Hotel - Flash automatisch accepteren",
  "version": "1.0.3",
  "description": "",
  "permissions": [
    "contentSettings"
  ],
  "background": {
    "scripts": [
      "background.js"
    ],
    "persistent": false
  },
  "manifest_version": 2,
  "icons": {
    "512": "images/icon-512x512.png",
    "384": "images/icon-384x384.png",
    "192": "images/icon-192x192.png",
    "152": "images/icon-152x152.png",
    "144": "images/icon-144x144.png",
    "128": "images/icon-128x128.png",
    "96": "images/icon-96x96.png",
    "72": "images/icon-72x72.png"
  },
  "browser_action": {
    "default_icon": "images/icon-96x96.png"
  }
}
