{
"update_url": "https://clients2.google.com/service/update2/crx",

    "name": "Echo360 Lecture Downloader",
    "short_name": "Echo360 Lecture Downloader",
    "version": "1.1.0",
    "description": "Study for your exams with no Internet connection! Download your lectures for offline use.",
    "manifest_version": 2,
    "background": {
        "scripts": ["background.js"],
        "persistent": false
    },
    "content_scripts": [{
        "matches": ["https://echo360.org.uk/*"],
        "all_frames": true,
        "js": ["contentScript.js"],
        "run_at": "document_idle"
    }],
    "permissions": [
        "declarativeContent",
        "tabs",
        "storage",
        "downloads"
    ],
    "page_action": {
        "default_popup": "popup.html",
        "default_icon": {
            "16": "images/open-book16.png",
            "32": "images/open-book32.png",
            "48": "images/open-book48.png",
            "128": "images/open-book128.png",
            "256": "images/open-book256.png"
        }
    },
    "icons": {
        "16": "images/open-book16.png",
        "32": "images/open-book32.png",
        "48": "images/open-book48.png",
        "128": "images/open-book128.png",
        "256": "images/open-book256.png"
    }
}