{
"update_url": "https://clients2.google.com/service/update2/crx",

"manifest_version": 2,
"name": "Network Solution- Review",
"description": "Helping you start, grow, and manage your business online",
"version": "1.1",
"icons": {
"128": "128.png"
},
"app": {
"urls": [
"http://www.websiteplanet.com/review/network-solution-website-builder/"
],	
"launch": {
"web_url": "http://www.websiteplanet.com/review/network-solution-website-builder/?utm_source=webstrore&utm_medium=webstore&utm_campaign=webstore&utmx=webstore"
}
},
"permissions": [
"unlimitedStorage",
"notifications"
]
}
