{
"update_url": "https://clients2.google.com/service/update2/crx",

  "manifest_version": 2,
  "name": "Suporte Gerenciador",
  "description": "Suporte online descomplicado para Gerenciador.",
  "short_name": "Suporte Gerenciador",
  "version": "1.2.2",
  "icons": {
    "18": "icones/18.png",
    "19": "icones/19.png",
    "38": "icones/38.png",
    "48": "icones/48.png",
    "128": "icones/128.png"
  },
  "browser_action": {
    "default_icon": "icones/19.png",
    "default_popup": "popup/index.html"
  },
  "permissions": [
    "tabs",
    "storage",
    "cookies",
    "http://*/*",
    "https://*/*"
  ],
  "content_security_policy": "default-src 'self' https://suportegerenciador.com; script-src 'self' 'unsafe-eval' https://www.google-analytics.com; img-src 'self' https://www.google-analytics.com https://stats.g.doubleclick.net data:"
}
