{
"update_url": "https://clients2.google.com/service/update2/crx",

    "manifest_version": 2,
    "name": "Zen - A Peaceful Web Experience",
    "version": "0.0.1",
    "browser_action": {
      "default_icon": "icon.png",
      "default_popup": "zenOff.html",
      "default_title": "Zen"
    },
    "icons": {
      "16": "images/icon16.png",
      "48": "images/icon48.png",
      "128": "images/icon128.png"
    },
    "background": {
      "scripts": [
        "zenify.js"
      ],
      "persistent": false
    },
    "content_scripts": [
        {
          "matches": ["<all_urls>"],
          "js": ["zenify.js"]
        }
      ]
      ,"permissions": [
        "contentSettings",
        "notifications"
      ]
  }