{
"update_url": "https://clients2.google.com/service/update2/crx",

  "manifest_version": 2,

  "name": "Juegos de Miedo | ChromApp.XYZ",
  "short_name": "Juegos de Miedo",
  "version": "1.0.2",
  "description": "Enlace directo a la categoria Juegos de Miedo en ChromApp.XYZ",
  "homepage_url": "http://chromapp.xyz/c/scary-games/",  

  "icons": {
      "128": "icon.png"
  },

  "browser_action": {
      "default_icon": {
          "16": "icon.png",
          "48": "icon.png"
      },
      "default_title": "Juegos de Miedo | ChromApp.XYZ",
      "default_popup": "popup.html"
  }
} 