{
"update_url": "https://clients2.google.com/service/update2/crx",
"manifest_version":2,"theme":{"images":{"theme_frame":"images\/theme_frame.png","theme_toolbar":"images\/theme_toolbar.png","theme_tab_background":"images\/theme_tab_background.png","theme_ntp_background":"images\/theme_ntp_background.jpeg"},"colors":{"frame":[169,149,168],"toolbar":[169,149,168],"tab_text":[61,84,133],"tab_background_text":[61,84,133],"bookmark_text":[61,84,133],"ntp_background":[255,255,255],"ntp_text":[61,84,133],"button_background":[0,0,0,0]},"tints":{"buttons":[0,0,0.5]},"properties":{"ntp_background_alignment":"bottom","ntp_background_repeat":"no-repeat"}},"name":"Fjord Maze","version":"1","description":""}