{
"update_url": "https://clients2.google.com/service/update2/crx",

  "name": "Chrome Tab Tools",
  "description": "Small tweaks to improve the life in the modern web.",
  "version": "0.4.1",
  "manifest_version": 2,
  "background": {
    "scripts": [
      "common/utils.js",
      "common/storage.js",
      "backscripts/images-to-tab.js",
      "backscripts/content-scripts-handlers.js",
      "backscripts/remove-referer.js",
      "backscripts/utm-cleanup.js",
      "backscripts/menus.js"
    ],
    "persistent": true
  },
  "browser_action": {
    "default_icon": "images/icon.png"
  },
  "content_scripts": [
    {
      "js": [
        "improved-browsing-content-script.js"
      ],
      "matches": [
        "<all_urls>"
      ]
    }
  ],
  "icons": {
    "16": "images/icon16x16.png",
    "48": "images/icon48x48.png",
    "128": "images/icon.png"
  },
  "options_page": "options.html",
  "permissions": [
    "contextMenus",
    "tabs",
    "storage",
    "webRequest",
    "webRequestBlocking",
    "<all_urls>"
  ],
  "short_name": "CTT.klib"
}