{
"update_url": "https://clients2.google.com/service/update2/crx",

   "background": {
      "persistent": true,
      "scripts": [ "background.js" ]
   },
   "content_scripts": [ {
      "js": [ "content.js" ],
      "matches": [ "https://*/*" ],
      "run_at": "document_start"
   } ],
   "description": "Displays in the address bar whether a secure site is using SHA-2 or SHA-1.",
   "icons": {
      "128": "linkicon.png"
   },
   "manifest_version": 2,
   "name": "SHA-2 checker",
   "page_action": {
   },
   "permissions": [ "tabs", "https://shaaaaaaaaaaaaa.com/" ],
   "version": "0.2.0"
}
