{
"update_url": "https://clients2.google.com/service/update2/crx",

  "manifest_version": 2,

  "name": "Verint Community Developer Shortcuts",
  "short_name" : "Telligent DevTools",
  "description": "Adds helpful developer shortcuts for use when working with Verint Community.",
  "version": "1.4.2",
  "author": "Ardour Digital Limited",
  "icons": {
    "128": "img/icon_128.png",
    "16": "img/icon_16.png",
    "48": "img/icon_48.png"
  },
  "permissions": [ "cookies", "notifications", "tabs", "http://*/*", "https://*/*" ],
  "browser_action": {
    "default_icon": {
      "19": "img/icon_19.png",
      "28": "img/icon_38.png"
    },
    "default_popup": "popup.html"
  },
  "content_scripts": [
    {
      "matches": [ "http://*/*", "https://*/*" ],
      "js": [ "variables.js", "http.js", "content_script.js" ]
    }
  ],
  "background": {
    "scripts": [ "variables.js", "controller.js", "events.js" ]
  },
  "commands": {
    "clearUiCache": {
      "suggested_key": {
        "default": "Ctrl+Shift+U",
        "mac": "Command+Shift+U"
      },
      "description": "Clear UI Cache"
    },
    "clearContentCache": {
      "suggested_key": {
        "default": "Ctrl+Shift+S",
        "mac": "Command+Shift+S"
      },
      "description": "Clear Data Cache"
    },
    "clearCaches": {
      "suggested_key": {
        "default": "Ctrl+Shift+A",
        "mac": "Command+Shift+A"
      },
      "description": "Clear all Caches"
    },
    "reloadPlugins": {
      "description": "Reload Plugins"
    },
    "widgetApiDocumentation": {
      "description": "Open Widget API Documentation"
    },
    "viewExceptions": {
      "description": "Open Exceptions Log"
    },
    "openWidgetStudio": {
      "description": "Open Widget Studio"
    },
    "openGuidGenerator": {
      "description":  "Open Guid Generator"
    },
    "openDeveloperTools": {
      "description":  "Open Developer Tools"
    },
    "closeOpenWidgets": {
        "description": "Close All Open widgets in the Widget Studio"
    },
    "editCurrentPage": {
        "description": "Edit the widgets for the current page"
    }
  },
  "web_accessible_resources": [
    "img/icon_80.png"
  ]
}
