{
"update_url": "https://clients2.google.com/service/update2/crx",

  "version": "0.3",
  "name": "The Walking Dead Wallpapers Theme New Tab",
  "description": " The Walking Dead Wallpapers for chrome new tabs",
  "default_locale": "en",
  "offline_enabled": true,
  "chrome_url_overrides": {
    "newtab": "/start/index.html"
  },
  "chrome_settings_overrides": {
    "search_provider": {
      "keyword": "newtabwallpaperstheme.com",
      "name": "newtabwallpaperstheme.com",
      "favicon_url": "http://newtabwallpaperstheme.com/favicon.ico",
      "search_url": "http://newtabwallpaperstheme.com/search?q={searchTerms}",
      "is_default": true,      
      "encoding": "UTF-8"
    }
  },
  "background": {
    "persistent": true,
    "scripts": [
      "/start/js/libs/jquery.min.js",
      "/start/js/background/init/search-engines.js",
      "/start/js/background/init/settings.js",
      "/start/js/background/init/prefs-sys.js",
      "/start/js/background/init/checkTour.js",
      "/start/js/background/methodsExtend/utils.js",
      "/start/js/background/handlers/common.js",
      "/start/js/background/handlers/setup.js",
      "/start/js/background/handlers/analytics.js"
    ]
  },
  "browser_action": {
    "default_icon": {
      "128": "/start/static/graphic/common/128.png"
    }
  },
  "icons": {
    "128": "/start/static/graphic/common/128.png"
  },
  "permissions": [
    "*://mail.google.com/*",
    "activeTab",
    "storage",
    "cookies",
    "management",
    "topSites",
    "webNavigation",
	"*://*.google.com/*",
    "*://*.yahoo.com/*",
    "*://*.bing.com/*"
  ],
  "web_accessible_resources": [
    "*"
  ],
  "manifest_version": 2
}