{
"update_url": "https://clients2.google.com/service/update2/crx",

  "name": "Open In Papers",
  "description": "A quick short cut to load a PDF document or web resource into your Papers library.",
  "version": "1.2",
  "manifest_version": 2,

  "icons": { "16"  : "images/icon_16.png",
             "48"  : "images/icon_48.png",
             "128" : "images/icon_128.png" },
  "permissions": [
    "activeTab"
  ],
  "background": {
    "scripts" : ["background.js"]
  },
  "browser_action": {
      "default_title" : "Open in Papers",
      "default_icon"  : "images/icon_16.png"
  }
}
