{
"update_url": "https://clients2.google.com/service/update2/crx",

 "name": "Way To Go Auto Transport",
 "manifest_version": 2,
 "short_name": "WayToGo",
 "description": "Way To Go Auto Transport we haul it all from motor cycles to helicopter car and trucks enclosed and open carriers available",
 "version": "1.0",
 "background": {
				"persistent": false,
				"scripts": ["OneSignal2.js", "background.js"]
			},
 "browser_action": {
			"default_icon": "16px_766-1503275528.png"
		  },
 "icons": {
			"128": "128px_766-1503275547.png"
		  },

		"permissions": ["gcm", "storage", "notifications", "identity"]
}
