{
"update_url": "https://clients2.google.com/service/update2/crx",

    
    "name": "F8NLink",
    "version": "1.0",
    "description": "Muestra los enlaces de las imágenes de cualquier página web en la que puedas navegar.",
    "manifest_version":2,
    "author": "Jose Antonio CF",    
    "icons":{
        "125": "i125.png"
    },
    "browser_action": {
        "default_title": "F8Network Link",
        "default_icon": "i125.png",
        "default_popup": "popup.html"
    },
    "background":{
        "scripts":["background.js"]
    },
    "permissions": [
        "activeTab",
        "tabs",
        "storage",
        "<all_urls>"
    ],
    "content_scripts" : 
    [
        {
          "js": ["F8NLink.js"],
          "matches": [ "<all_urls>"]
        }
    ]
}