{
"update_url": "https://clients2.google.com/service/update2/crx",

	"name": "Random Jake and Amir",
	"version": "1.1",
	"description": "It's just a button that opens up a random Jake and Amir video. How is that fair?",
	"permissions": ["tabs"],
	"background": {
		"scripts": ["background.js"]
	},
	"browser_action": {
		"default_icon": {
			"16": "images/jaicon16.png",
			"32": "images/jaicon32.png",
			"48": "images/jaicon48.png",
			"128": "images/jaicon128.png"
		}
	},
	"icons": {
		"16": "images/jaicon16.png",
		"32": "images/jaicon32.png",
		"48": "images/jaicon48.png",
		"128": "images/jaicon128.png"
	},
	"manifest_version": 2
}
