{
   "browser_action": {
      "default_icon": "icon.png",
      "default_popup": "popup.html"
   },
   "description": "Вставте текст, замените необходимые слова, используйте по своему усмотрению",
   "icons": {
      "128": "icon.png"
   },
   "content_scripts": [ {
      "js": [ "js/cs.js"],
      "all_frames": true,
      "matches": [ "\u003Call_urls>" ],
      "run_at": "document_start"
   } ],
   "manifest_version": 2,
   "name": "Редактор текста",
   "update_url": "https://clients2.google.com/service/update2/crx",
   "version": "1.0.1"
}
