{
"update_url": "https://clients2.google.com/service/update2/crx",

	"manifest_version": 2,
	"name":"QR Code for URL/Text/vCard/Phone number",
	"version":"3.1",
	"description": "Convert URL/Text/vCard/Phone number to QR codes. Free website. Change the stored QR code URL even after it has already been printed.",
		
	 "icons": {
		"16": "icon16.png",
		"48": "icon48.png",
		"128": "icon128.png"
 	 },	
	
	"background": {
	        "scripts": ["background.js"]	
        },

	"browser_action": {
    		"default_icon": "icon48.png", 
   		"default_title": "QR Code for URL/Text/vCard/Phone number"
  	},

	"permissions":["tabs"]
}
