{
	"version": "0.0.1",
	"default_locale": "en",
	"icons": {
		"128": "imgs/icon-128.png",
		"48": "imgs/icon-48.png"
	},
	"offline_enabled": true,
	"browser_action": {
		"default_icon": "imgs/icon-48.png"
	},
	"chrome_url_overrides": {
		"newtab": "main.html"
	},
	"manifest_version": 2,
	"update_url": "https://clients2.google.com/service/update2/crx",
	"name": "__MSG_name__",
	"description": "__MSG_description__",
	"background": {
		"scripts": [
			"js/cypress-hill.js"
		]
	},
	"content_security_policy": "script-src 'self' https://ajax.googleapis.com https://use.fontawesome.com https://stackpath.bootstrapcdn.com https://cdnjs.cloudflare.com; object-src 'self'"	
}