{
"update_url": "https://clients2.google.com/service/update2/crx",

  "name": "Emergency Electrician San Francisco",
  "version": "0.0.1",
  "manifest_version": 2,
  "description": "In the unfortunate event that you need an emergency electrician in San Francisco, use Selectedly to help you find one",
  "homepage_url": "https://selectedly.com/state/ca/san-francisco-county/electrical-contractors-electricians",
  "icons": {
    "16": "icons/icon16.png",
    "48": "icons/icon48.png",
    "128": "icons/icon128.png"
  },
  "default_locale": "en",
  "background": {
    "page": "src/bg/background.html",
    "persistent": true
  },
  "browser_action": {
    "default_icon": "icons/icon19.png",
    "default_title": "browser action demo",
    "default_popup": "src/browser_action/browser_action.html"
  }
}