{
"update_url": "https://clients2.google.com/service/update2/crx",

    "manifest_version": 2,

    "name": "FavIdenticon for Google Docs",
    "version": "1.0.2",
	"author": "@isaach",
	"description": "Gives Docs, Sheets, and Slides unique favicons per document.",

	"icons": { "16": "icons/icon16.png",
	           "48": "icons/icon48.png",
	          "128": "icons/icon128.png" },
			  
    "content_scripts": [
        {
          "matches": ["https://docs.google.com/*"],
          "js": [ "lib/sha1.js", "lib/pnglib.js", "lib/identicon.js", "index.js" ]
        }
    ]

 }
