{
"update_url": "https://clients2.google.com/service/update2/crx",

  "manifest_version": 2,
  "name": "Beatlab",
  "description": "Can you make sick beats?  Beatlab is the easiest way to create music and share it with your friends.",
  "version": "1.0.2",
  "app": {
    "urls": [
      "http://www.beatlab.com/"
    ],
    "launch": {
      "web_url": "http://www.beatlab.com/?ref=cws"
    }
  },
  "icons": {
    "128": "icon_128.png"
  },
  "permissions": [
    "unlimitedStorage",
    "notifications"
  ]
}
