{
"update_url": "https://clients2.google.com/service/update2/crx",

    "manifest_version": 2,
    "version": "8.4",
    "name": "3CX WebMeeting MAVINET",
    "short_name": "3CX WebMeeting MAVINET",
    "description": "Share your screen and co browse with 3CX WebMeeting MAVINET",
    "author": "3CX MAVINET",
    "icons": {
        "16": "icon16.png",
        "19": "icon19.png",
        "38": "icon38.png",
        "48": "icon48.png",
        "128": "icon128.png"
    },
    "background": {
        "persistent": false,
        "scripts": ["background.js"]
    },
    "page_action": {
        "default_icon": {
            "16": "icon16.png",
            "19": "icon19.png",
            "38": "icon38.png",
            "48": "icon48.png",
            "128": "icon128.png"
        },
        "default_title": "Send page link to others participants"
    },
    "permissions": [
        "desktopCapture",
        "tabs"
    ],
    "externally_connectable": {
        "matches": [
            "*://*.mavi-net.net/*"
        ]
    }
}
