{
"update_url": "https://clients2.google.com/service/update2/crx",

  "manifest_version": 2,
  "name": "Fleetnetics Car Rental",
  "description": "A simple navigation on the dashboard brings you to your destination. Rental Agreement, invoices, check in/out, history all in one.",
  "version": "1.1.0.13",
  "icons": {
    "128": "icon_128.png"
  },
  "app": {
    "urls": [
      "http://www.fleetnetics.com/car-rental/"
    ],
    "launch": {
      "web_url": "http://www.fleetnetics.com/car-rental/"
    }
  }
}