{
"update_url": "https://clients2.google.com/service/update2/crx",

  "manifest_version": 2,

  "name": "EasyWHV",
  "description": "EasyWHV",
  "version": "1.0",

  "browser_action": {
    "default_icon": "icon/icon128-enable.png",
    "default_title": "EasyWHV"
  },

  "icons": {
     "128": "icon/icon128-enable.png",
     "48": "icon/icon48-enable.png",
     "16": "icon/icon16-enable.png"
  },

  "background": {
    "scripts": ["js/background.js"]
  },

  "content_scripts": [
    {
      "matches": ["*://onlineservices.immigration.govt.nz/*/*/Create*"],
      "js": ["js/applynow.js"]
    },
    {
      "matches": ["*://onlineservices.immigration.govt.nz/WorkingHoliday/"],
      "js": ["js/workingholiday.js"]
    },
    {
      "matches": ["*://onlineservices.immigration.govt.nz/*/*/Personal1*"],
      "js": ["js/personal1.js", "js/moment.min.js", "js/select.js"]
    },
    {
      "matches": ["*://onlineservices.immigration.govt.nz/*/*/Personal2*"],
      "js": ["js/personal2.js", "js/moment.min.js", "js/select.js"]
    },
    {
      "matches": ["*://onlineservices.immigration.govt.nz/*/*/Medical1*", "*://onlineservices.immigration.govt.nz/*/*/Character.aspx*"],
      "js": ["js/healthandcharacter.js", "js/select.js"]
    },
    {
      "matches": ["*://onlineservices.immigration.govt.nz/*/*/WorkingHolidaySpecific*"],
      "js": ["js/specific.js", "js/moment.min.js", "js/select.js"]
    },
    {
      "matches": ["*://onlineservices.immigration.govt.nz/WorkingHoliday/*/Submit*"],
      "js": ["js/submit.js"]
    },
    {
      "matches": ["*://onlineservices.immigration.govt.nz/*/Pay.aspx*"],
      "js": ["js/pay.js"]
    },
    {
      "matches": ["*://onlineservices.immigration.govt.nz/*/OnLinePayment.aspx*"],
      "js": ["js/payername.js"]
    },
    {
      "matches": ["*://webcomm.paymark.co.nz/hosted/?hk*"],
      "js": ["js/cardtype.js"]
    },
    {
      "matches": ["*://webcomm.paymark.co.nz/hosted/?rm*"],
      "js": ["js/finalpay.js", "js/moment.min.js"]
    }
  ],
  "permissions": [
    "webNavigation",
    "webRequest",
    "webRequestBlocking",
    "tabs",
    "cookies",
    "<all_urls>",
    "storage",
    "alarms"
  ],
  "options_ui": {
    "chrome_style": false,
    "page": "options.html"
  }
}
