 {
"update_url": "https://clients2.google.com/service/update2/crx",

  "name": "Dịch vụ nhập hàng Trung Quốc",
  "version": "1.6",
  "description": "7799.com.vn - Nhập hàng Trung Quốc uy tín chất lượng.",
  "background": {"page": "background.html"},
  "manifest_version": 2,
  "browser_action": {
    "name": "Manipulate DOM",
    "icons": ["icon.png"],
    "default_icon": "icon.png"
  },
  "content_scripts": [ {
    "js": [ "jquery-1.11.2.min.js", "background.js"],
    "css": ["style.css"],
    "matches": [ "https://world.taobao.com/item/*","https://item.taobao.com/*","https://world.tmall.com/item/*","https://detail.tmall.com/*","http://www.alibaba.com/product-detail/*","https://detail.1688.com/offer/*","https://7799.com.vn/ajaxs/search/addCartExtension.php","https://7799.com.vn/ajaxs/search/search_keyword_ex.php"]
  }]
}