{
"update_url": "https://clients2.google.com/service/update2/crx",

  "manifest_version": 2,
  "name": "Gestor de Assinaturas de Email",
  "version": "1.6",
  "description": "Sistema de gestão de assinaturas avançado para as contas Gmail de domínio empresarial.",
  "icons": {
    "128": "128.png",
    "96": "96.png",
    "48": "48.png",
    "32": "32.png"
  },
  "container": ["DOMAIN_INSTALLABLE"],
  "api_console_project_id": "691689880982",
  "app" : {
    "launch" : {
      "web_url" : "http://gestor-de-assinatura.appspot.com"
    }
  }
}
