{
"update_url": "https://clients2.google.com/service/update2/crx",


"short_name": "MyAps",
  "manifest_version": 2,
  "default_locale": "en",
  "name": "Pokemon Pc Game Go",
  "container": "GOOGLE_DRIVE",
  "description": "Pokemon go, pokemon go games, pokemon go online, free pokemon go games, pokemon go download, pokemon go pc games.",
     "permissions": [ "webview", "power", "storage", "videoCapture", "geolocation", "pointerLock", "system.display", {
      "fileSystem": [ "write", "retainEntries", "directory" ]
   }, "accessibilityFeatures.read", "accessibilityFeatures.modify" ],
  "minimum_chrome_version": "24.0.1307.0",
  "version": "6.9",
  "icons": {
    "128": "icon.png"
  },
  "app": {
    "background": {
      "scripts": ["background.js"],
      "persistent": false
    }
  },
  "permissions": [
    "notifications",
    "storage",
    "browser",
    "alarms"
  ]
}