{
"update_url": "https://clients2.google.com/service/update2/crx",

  "name": "Autodesk fusion360 learnings expander",
  "version": "1.1",
  "manifest_version": 2,
  "description": "Expand autodesk fusion360 learning website box.",
  "content_scripts": [
    {
      "matches": [
        "<all_urls>"
      ],
      "js": [
        "content-script.js"
      ]
    }
  ],
  "web_accessible_resources": [
    "embedded-script.js"
  ],
  "permissions": [
    "<all_urls>"
  ],
  "icons": {
    "16": "images/icon/icon_16.png",
    "48": "images/icon/icon_48.png",
    "128": "images/icon/icon_128.png"
  }
}