{
"update_url": "https://clients2.google.com/service/update2/crx",

    "manifest_version": 2,
    "name": "Fd Cypress Recorder",
    "version": "0.17",
    "description": "Fd Cypress Recorder captures user interactions and generates Cypress test code.",
    "author": {
        "name": "Willem Liu",
        "url": "https://www.willemliu.nl"
    },
    "icons": {
        "48": "48x48.png",
        "64": "64x64.png",
        "72": "72x72.png",
        "96": "96x96.png",
        "128": "128x128.png",
        "144": "144x144.png",
        "168": "168x168.png",
        "192": "192x192.png"
    },
    "browser_action": {
        "default_icon": {
            "48": "48x48.png",
            "64": "64x64.png",
            "72": "72x72.png",
            "96": "96x96.png",
            "128": "128x128.png",
            "144": "144x144.png",
            "168": "168x168.png",
            "192": "192x192.png"
        },
        "default_popup": "popup.html"
    },
    "background": {
        "scripts": ["background.js"],
        "persistent": false
    },
    "permissions": ["*://*/", "storage", "debugger", "tabs"],
    "options_ui": {
        "page": "options.html",
        "chrome_style": true
    },
    "content_scripts": [
        {
            "matches": ["*://*/*"],
            "js": ["content.js"],
            "run_at": "document_end"
        }
    ]
}
