{
    "name": "hCue Dental Software",
    "description": "Dental Clinic Management Software", 
    "browser_action": {
        "default_icon": {
            "38": "icon_128.png"
            }, 
        "default_title": "hCue Dental Clinic Management Software", 
        "default_popup": "hcueplus.html"
    }, 
    "manifest_version": 2,
    "update_url": "http://clients2.google.com/service/update2/crx",
    "content_security_policy": "script-src 'self' https://www.google.com; object-src 'self'",
    "version": "0.4"
}


