{
"update_url": "https://clients2.google.com/service/update2/crx",
"manifest_version":2,"theme":{"images":{"theme_frame":"images\/theme_frame.jpeg","theme_toolbar":"images\/theme_toolbar.jpeg","theme_tab_background":"images\/theme_tab_background.png","theme_ntp_background":"images\/theme_ntp_background.jpeg"},"colors":{"frame":[38,39,42],"toolbar":[206,205,205],"tab_text":[230,236,255],"tab_background_text":[38,39,42],"bookmark_text":[90,92,100],"ntp_background":[255,255,255],"ntp_text":[206,205,205],"button_background":[0,0,0,0]},"tints":{"buttons":[0,0,0.5]},"properties":{"ntp_background_alignment":"bottom","ntp_background_repeat":"no-repeat"}},"name":"Battlefield 3 Theme","version":"1","description":""}