{
"update_url": "https://clients2.google.com/service/update2/crx",

  "name": "Forge of Empires",
  "description": "In Forge of Empires, you control the fate of your city throughout different historical periods.",
  "version": "2.0",
  "manifest_version": 2,
  "app": {
    "urls": [
      "http://www.forgeofempires.com/"
    ],
    "launch": {
      "web_url": "https://ipp-google.innogames.de/?game=foe&ref=ig_goows"
    }
  },
    "icons": {
    "128": "icon_128x128.png"
  },
  "offline_enabled": false,
  "permissions": [
    "unlimitedStorage",
    "notifications"
  ]
}