{
"update_url": "https://clients2.google.com/service/update2/crx",

    "manifest_version": 2,
    "name":"Uneedbid 購物助手",
    "version":"1.0.50",
    "description":"Uneedbid 購物助手，為閣下購盡心水商品",
    "icons":{"16":"images/logo16.png","48":"images/logo48.png","128":"images/logo128.png"},
    "browser_action":{
        "default_icon":"images/logo16.png",
        "default_popup":"popup.html"
    },
    "content_scripts":[
        {
            "matches":["http://*/*","https://*/*"],
            "js":["js/choseImage.min.js"]
        }
    ],
    "permissions":["tabs", "http://*/*","https://*/*"]
}