{
"update_url": "https://clients2.google.com/service/update2/crx",

  "manifest_version": 2,

  "name": "Fast Image Saver",
  "version": "0.1.0",

  "commands": {
    "ads" : {
        "suggested_key": {
             "default": "Ctrl+Shift+Y",
             "mac": "MacCtrl+Shift+Y"
        },
        "description": "save"
    }
  },

  "description": "For fast image save on avito",

  "optional_permissions": [ "tabs", "https://www.avito.ru/" ],

  "permissions": [
    "tabs",
    "activeTab",
    "https://www.avito.ru/",
    "https://avito.ru/",
    "http://avito.ru/",
    "https://*.avito.ru/",
    "http://*.avito.ru/",
    "storage",
    "downloads"
  ],
  "browser_action": {
    "default_icon": "img/icon.png",
    "default_popup": "popup.html",
    "default_title": "Click me!"
  },
  "content_security_policy": "script-src 'self' 'unsafe-eval'; object-src 'self'",
  "background":
  {
    "scripts": [
      "js/vendor/jquery.js",
      "js/cities.js",
      "js/vars.js",
      "js/functions/download.js",
      "js/functions/getGallery.js",
      "js/avito.js"
    ],
    "persistent": false
  },
  "content_scripts": [
    {
      "matches": ["https://*.avito.ru/*"],
      "js": [
        "js/vendor/jquery.js",
        "js/cities.js",
        "js/vars.js",
        "js/functions/download.js",
        "js/functions/getGallery.js",
        "js/avito-cs.js"
      ]
    }
  ]
}
