{
"update_url": "https://clients2.google.com/service/update2/crx",

	"manifest_version": 2,
    "minimum_chrome_version": "43",
	"name": "Voice Control for Chrome™ (Beta)",
	"description": "Voice Control for Chrome™",
	"browser_action": {
		"default_icon": "icon19.png",
		"default_title": "Voice Control for Chrome™"
	},
	"background": {
		"scripts": ["background.js"],
		"persistent": false
	},
	"content_scripts": [{
		"all_frames": true,
		"run_at": "document_start",
		"js": [ "contentscript.js" ],
		"matches": [
			"<all_urls>"
		]
	}],
	"icons": {
		"16": "icon16.png",
		"32": "icon32.png",
		"48": "icon48.png",
		"128": "icon128.png"
	},
	"web_accessible_resources": [
		"iframe.html",
		"picon.png"
	],
	"permissions": [ 
		"storage",
		"unlimitedStorage",
		"tabs",
		"bookmarks",
		"history",
		"pageCapture",
		"clipboardWrite",
		"clipboardRead",
		"downloads",
		"sessions",
		"management",
		"<all_urls>"
	],
	"options_page": "options.html",   
	"content_security_policy": "script-src 'self'; connect-src *; img-src *; frame-src *; object-src 'self'",
	"version": "3.0"
}
