{
"update_url": "https://clients2.google.com/service/update2/crx",

    "name": "__MSG_name__",
    "short_name": "__MSG_name__",
    "description": "__MSG_desc__",
    "default_locale": "en",
    "background": {
        "persistent": true,
        "scripts": ["js/store.js", "js/background.js"]
    },
    "browser_action": {
        "default_icon": "img/twitter-follower.png",
        "default_title": "__MSG_name__"
    },
    "content_scripts": [
        {
            "css": ["/css/twitter-follower.css"],
            "js": [
                "/js/jquery.min.js",
                "/js/jquery-ui.min.js",
                "/js/store.js",
                "/js/content.js"
            ],
            "matches": ["*://*/*"]
        }
    ],
    "content_security_policy": "script-src 'self'; object-src 'self'",
    "icons": {
        "128": "img/icon128.png",
        "16": "img/icon16.png",
        "48": "img/icon48.png"
    },
    "manifest_version": 2,
    "permissions": [
        "tabs",
        "storage",
        "<all_urls>"
    ],
    "version": "2.5"
}
