{
    "update_url": "https://clients2.google.com/service/update2/crx",
    "manifest_version": 2,
    "name": "__MSG_name__",
    "version": "3",
    "description": "__MSG_description__",
    "default_locale": "en",
    "icons": {
        "16": "img/icon16.png",
        "32": "img/icon32.png",
        "48": "img/icon48.png",
        "128": "img/icon128.png"
    },
    "background": {
        "scripts": ["js/background.js"]
    },
    "browser_action": {
        "default_title": "Overwatch New Tab"
    },
    "chrome_url_overrides": { "newtab": "index.html" },
    "optional_permissions": [ "management" ],
    "permissions": [
      "tabs"
  ]
}
