{
"update_url": "https://clients2.google.com/service/update2/crx",

  
"manifest_version": 2,
  
"name": "Tab Split",

"short_name": "Tab Split",
  
"description": "Forces each browser start page to open in a new browser window across multiple monitors.",
  
"version": "1.1.2",
  
"background": {
    
"scripts": ["ts.js"]
  
},
      
"icons": {
    
"32": "img.png",
	
"48": "img.png",
	
"128": "img.png"
  
},

"browser_action": {
  "browser_style": true,
  "default_title": "Tab Split",
  "default_popup": "popup.html",
  "default_icon": {
    "32": "logo.png"
  }
},
"permissions": ["tabs", "storage"]

}