{
"update_url": "https://clients2.google.com/service/update2/crx",

  "name": "Swiftionary",
  "manifest_version": 2,
  "version": "2.2",
  "description": "Retrieves results relevant to the website you are currently on.",
  "background": {
    "scripts": ["background.js"],
    "persistent": false
   },
   "icons": {
    "16":"slogo_16.png",
    "48":"slogo_48.png",
    "128":"slogo_128.png"  
},
"browser_action": {
    "default":"slogo.png",
    "default_popup": "popup_switches.html"
},
   "permissions": ["contextMenus", "tabs","management","storage",
    "notifications", "http://swiftbackend-239810.appspot.com/*"],
   "web_accessible_resources" : ["*.html"],
   "content_security_policy": "script-src 'self' 'sha256-5As4+3YpY62+l38PsxCEkjB1R4YtyktBtRScTJ3fyLU='; object-src 'self'",
   "options_page":"switches.html"
}