{
"update_url": "https://clients2.google.com/service/update2/crx",

  "name": "__MSG_appName__",
  "version": "1.1.0",
  "manifest_version": 2,
  "description": "__MSG_appDescription__",
  "icons": {
    "16": "images/icon-16.png",
    "128": "images/icon-128.png"
  },
  "default_locale": "en",
  "content_scripts": [
    {
      "matches": [
        "http://*/*",
        "https://*/*"
      ],
      "js": [
        "scripts/contentscript.js",
        "scripts/converter.js"
      ],
      "run_at": "document_end",
      "all_frames": false
    }
  ],
  "content_security_policy": "script-src 'self'; object-src 'self'",
  "web_accessible_resources": [
    "templates/magic.html"
  ]
}
