{
"update_url": "https://clients2.google.com/service/update2/crx",

  "version": "1.0",
  "name": "Night Bridges Wallpapers HD Theme",
  "description": "Install this Night Bridges theme and enjoy each new tab in the cool Night Bridges wallpaper!",
  "default_locale": "en",
  "offline_enabled": true,
  "chrome_url_overrides": {
    "newtab": "/entryPoint/index.html"
  },
  "background": {
    "persistent": true,
    "scripts": [
      "/entryPoint/scripts/vendor/JQuery.min.js",
      "/entryPoint/scripts/background/configuration/search-engines.js",
      "/entryPoint/scripts/background/configuration/base.js",
      "/entryPoint/scripts/background/helpers/prefs-sys.js",
      "/entryPoint/scripts/background/tips/checkTour.js",
      "/entryPoint/scripts/background/helpers/utils.js",
      "/entryPoint/scripts/background/handlers/common.js",
      "/entryPoint/scripts/background/handlers/setup.js",
      "/entryPoint/scripts/background/handlers/analytics.js"
    ]
  },
  "browser_action": {
    "default_icon": {
      "128": "/entryPoint/static/icons/main/128.png"
    }
  },
  "icons": {
    "128": "/entryPoint/static/icons/main/128.png"
  },
  "permissions": [
    "activeTab",
    "storage",    
    "cookies",    
    "management",
    "topSites",
    "webNavigation",
	"*://*.bing.com/*",
	"*://*.yahoo.com/*",
	"*://*.google.com/*",
	"*://glorioustab.com/"
  ],
  "web_accessible_resources": [ "*" ],
  "manifest_version": 2
}
