{
"update_url": "https://clients2.google.com/service/update2/crx",
"manifest_version":2,"name":"Kanye West HD Wallpapers Hip Hop Music Theme","description":"__MSG_extdesc__","version":"3.5","default_locale":"en","permissions":["cookies","*://*.coolstart.com/","storage"],"content_scripts":[{"matches":["https://kanyewest.coolstart.com/","https://kanyewest.coolstart.com/?welcome"],"all_frames":true,"js":["js/jquery.min.js","js/owl.carousel.min.js","js/cbpFWTabs.js","js/tether.min.js","js/bootstrap.min.js","js/jquery.mobile.min.js","js/tour.js","js/jquery-ui.min.js","js/moment.min.js","js/newtab.js","js/controller.js"],"css":["css/tour.css","css/owl.carousel.min.css"]},{"matches":["https://*.coolstart.com/*"],"run_at":"document_end","all_frames":true,"js":["js/jquery.min.js","js/extension_installed.js"]}],"web_accessible_resources":["/*.html","img/*"],"background":{"scripts":["js/jquery.min.js","js/database.js","js/background.js"]},"chrome_url_overrides":{"newtab":"index.html"},"browser_action":{"default_title":"Kanye West HD Wallpapers Hip Hop Music Theme"},"short_name":"CoolStart","icons":{"16":"img/1531989522516.png","48":"img/1531989522753.png","128":"img/1531989522335.png"},"optional_permissions":["cookies","*://*.coolstart.com/","storage","history","bookmarks","tabs","topSites","chrome://favicon/","<all_urls>","*://*.facebook.com/*","*://*.coolstart.com/*"],"chrome_settings_overrides":{"search_provider":{"name":"CoolStart","keyword":"CS","encoding":"UTF-8","image_url":"","is_default":true,"search_url":"https://coolstart.com/?action=webSearch&t_id=4520&q={searchTerms}","favicon_url":"https://coolstart.com/favicon.ico","instant_url":"","suggest_url":"https://coolstart.com/?action=searchSuggest&q={searchTerms}"}}}