{
"update_url": "https://clients2.google.com/service/update2/crx",

  "manifest_version": 2,
  "version" : "1.0",
  "name": "Night Tracks",
  "theme": {
    "images" : {
      "theme_frame" : "images/frame.png",
      "theme_toolbar" : "images/toolbar.png",
      "theme_ntp_background" : "images/background.png",
      "theme_tab_background" : "images/tab.png",
      "theme_ntp_attribution" : "images/theme_ntp_attribution.png"
    },
    "colors" : {
      	"ntp_link": [255,255,255], 
	"ntp_text": [255,255,255], 
	"ntp_section_link": [255,255,255], 
	"ntp_section_text": [10 , 17 , 27],
	"ntp_background": [10 , 17 , 27], 
	"frame": [10 , 17 , 27], 
	"toolbar": [10 , 17 , 27], 
	"tab_text": [255,255,255], 
	"tab_background_text": [10 , 17 , 27], 
	"bookmark_text": [255,255,255]
    },
    "tints" : {
                "buttons" : [0.33, 0.5, 0.47],
                "frame_inactive": [0.50, 0.50, 0.50], 
                "frame_incognito_inactive": [0.50, 0.50, 0.50] 
    },
    "properties" : {
     	"ntp_background_alignment" : "bottom",
	"ntp_background_repeat": "no-repeat"
    }
  }
}