{
	"update_url": "https://clients2.google.com/service/update2/crx",
	"name": "Vested Networks",
	"description": "Integration powered by Vested Networks",
	"short_name": "Vested Networks",
	"version": "0.14.06",
	"manifest_version": 2,
	"permissions": [ 
		"storage",
		"notifications", 
		"contextMenus",
		"<all_urls>"
	],
	"browser_action": {
		"default_icon": {
			"16": "images/icon.png"
		}
	},
	"content_security_policy": "script-src 'self' https://maxcdn.bootstrapcdn.com; object-src 'self'",
	"default_locale": "en",
	"content_scripts": [
		{
			"matches": ["http://*/*", "https://*/*"],
			"css": [ "css/content.css" ],
			"js": ["js/jquery.min.js","js/content.js"],
			"run_at": "document_end"
		}
	],
	"background": {
		"scripts": ["js/jquery.min.js","js/background.js"]
	},
	"web_accessible_resources":["images/*.png","html/login.html","html/dashboard.html"],
	"icons": {
		"16": "images/icon.png",
		"48": "images/icon.png"
	}
}
