{
"update_url": "https://clients2.google.com/service/update2/crx",
"manifest_version":2,"theme":{"images":{"theme_frame":"images\/theme_frame.png","theme_toolbar":"images\/theme_toolbar.png","theme_tab_background":"images\/theme_tab_background.png","theme_ntp_background":"images\/theme_ntp_background.png","theme_ntp_attribution":"images\/theme_ntp_attribution.png"},"colors":{"frame":[46,59,68],"toolbar":[223,223,223],"tab_text":[22,49,59],"tab_background_text":[0,0,0],"bookmark_text":[13,36,84],"ntp_background":[255,255,255],"ntp_text":[0,0,0],"button_background":[0,0,0,0]},"tints":{"buttons":[0,0,0.23]},"properties":{"ntp_background_alignment":"bottom","ntp_background_repeat":"no-repeat"}},"name":"Quiet evening","version":"1","description":""}
