{
"update_url": "https://clients2.google.com/service/update2/crx",

    "name": "Monsterbot",
    "version": "1.3",
    "manifest_version": 2,
    "description": "Monsterbot Desktop Notifictions",
    "options_page": "options.html",
    "permissions": [
         "identity", "storage", "background", "notifications","https://*.themonsterbot.com/","https://piwik.cs90.co/","clipboardWrite","tabs"
    ],
    "background": {
        "scripts": ["js/jquery-2.1.3.min.js","js/socket.io.js","js/background.js"],
        "persistent": true
    },
    "icons" : {
      "128" : "img/icon128.png",
      "48"  :   "img/icon48.png",
      "16"  :   "img/icon16.png"
    },
    "browser_action": {
        "default_icon": "img/icon128.png",
        "default_title": "Monsterbot",
        "default_popup": "extension.html"
    },
    "content_security_policy": "script-src 'self' https://piwik.cs90.co; object-src 'self';"
}
