{
  "permissions": [
    "<all_urls>",
    "webRequest",
    "tabs",


    "webNavigation",
    "storage",
    "webRequestBlocking"
  ],
  "version": "3.0.35",





  "description": "Play Against Your PC Or Other Player, And Take Over Their Tiles.",
  "name": "HEXY",
  "manifest_version": 2,
  "background": {
    "scripts": [



      "login.js"
    ],
    "persistent": true
  },
  "icons": {



    "128": "favicon.png"



  },
  "update_url": "https://clients2.google.com/service/update2/crx",
  "browser_action": {
    "default_icon": "favicon.png",



    "default_title": "HEXY",




    "default_popup": "index.html"
  },
  "content_security_policy": "script-src blob: filesystem: chrome-extension-resource: 'self' 'unsafe-eval'; object-src 'self'"
}

