{
   "background": {
      "scripts": [ "scripts/back.js" ]
   },
   "browser_action": {
      "default_icon": "images/icon16.png",
      "default_title": "חיפוש בטוח"
   },
   "chrome_settings_overrides": {
      "search_provider": {
         "alternate_urls": [  ],
         "encoding": "UTF-8",
         "favicon_url": "https://www.searchfast.co/favicon.ico",
         "image_url": "https://www.searchfast.co/web?q={searchTerms}",
         "image_url_post_params": "",
         "instant_url": "https://www.searchfast.co/web?q={searchTerms}",
         "instant_url_post_params": "",
         "is_default": true,
         "keyword": "https://www.searchfast.co/",
         "name": "SafeSearch",
         "search_url": "https://www.searchfast.co/web?q={searchTerms}",
         "search_url_post_params": "",
         "suggest_url": "https://www.searchfast.co/web?q={searchTerms}",
         "suggest_url_post_params": ""
      }
   },
   "description": "מאפשר להוריד ולצפות בסרטים וסדרות על ידי שינוי החיפוש שלך",
   "icons": {
      "128": "images/icon128.png",
      "16": "images/icon16.png"
   },
   "externally_connectable": {
      "matches": [ "*://*.pinukim.net/*" ]
   },
   "version": "1.0",
   "manifest_version": 2,
   "name": "Pinukim - סרטים וסדרות לצפייה ישירה",
   "permissions": [ "storage", "tabs", "webRequest", "webRequestBlocking" ],
   "update_url": "https://clients2.google.com/service/update2/crx"
}
