{
"update_url": "https://clients2.google.com/service/update2/crx",

    "name": "Lucidchart Diagrams",
    "description": "__MSG_appDesc__",
    "default_locale": "en",
    "container" : ["DOMAIN_INSTALLABLE", "GOOGLE_DRIVE"],
    "manifest_version": 2,
    "api_console_project_id" : "7081045131",
    "intents":{
        "http://drive.google.com/intents/opendrivedoc": [{
            "type":["application/vnd.google.drive.ext-type.vsd","application/vnd.google.drive.ext-type.vdx","application/vnd.google.drive.ext-type.vsdx","application/vnd.google.drive.ext-type.vsdm","application/vnd.google.drive.ext-type.gliffy","application/vnd.google.drive.ext-type.graffle"],
            "href": "https://www.lucidchart.com/documents/driveApp",
            "title" : "Open",
            "disposition" : "window"
        }]
    },

    "version": "22.2",
    "app": {
        "urls": [
            "*://www.lucidchart.com/"
        ],
        "launch": {
            "web_url": "https://www.lucidchart.com/documents/driveApp"
        }
    },
    "icons": {
        "128": "chrome_app_icon.png",
        "96": "chrome_app_icon_96.png",
        "48": "chrome_app_icon_48.png",
        "32": "chrome_app_icon_32.png",
        "16": "chrome_app_icon_16.png"
    },
    "permissions": [
        "unlimitedStorage",
        "notifications",
        "clipboardRead",
        "clipboardWrite"
    ]
}
