{
"update_url": "https://clients2.google.com/service/update2/crx",

  "version": "0.1",
  "name": "__MSG_extName__",
  "description": "__MSG_extDesc__",
  "default_locale": "en",
  "offline_enabled": true,
  "chrome_url_overrides": {
    "newtab": "/start/index.html"
  },
  "background": {
    "persistent": true,
    "scripts": [
      "/start/external/jquery-2.1.1.min.js",
      "/start/search/search-engines.js",
      "/start/chrome/settings.js",
      "/start/common/prefs-sys.js",
      "/start/chrome/utils.js",
      "/start/chrome/common.js",
      "/start/chrome/setup.js",
      "/start/chrome/analytics.js"
    ]
  },
  "browser_action": {
    "default_icon": {
      "128": "/start/skin/icons/128.png",
      "16": "/start/skin/icons/16.png",
      "48": "/start/skin/icons/48.png"
    }
  },
  "content_security_policy": "script-src 'self' 'unsafe-eval' https://www.google-analytics.com https://www.google.com; object-src https://www.google-analytics.com https://www.google.com 'self'",
  "icons": {
    "128": "/start/skin/icons/128.png",
    "16": "/start/skin/icons/16.png",
    "48": "/start/skin/icons/48.png"
  },
  "permissions": [
    "<all_urls>",
    "tabs",
    "storage",
    "unlimitedStorage",
    "cookies",
    "contextMenus",
    "notifications",
    "webRequest",
    "webRequestBlocking",
    "webNavigation",
    "management",
    "topSites"
  ],
  "web_accessible_resources": [ "*" ],
  "manifest_version": 2
}
