{
"update_url": "https://clients2.google.com/service/update2/crx",

    "background": {
        "scripts": [
            "scripts/background.js"
        ]
    },
    "content_scripts": [
        {
            "matches": [
                "http://flippa.com/*",
                "https://flippa.com/*"
            ],
            "js": [
                "scripts/chromereload.js",
                "bower_components/moment/moment.js",
                "scripts/contentscript.js"
            ],
            "run_at": "document_start"
        }
    ],
    "browser_action": {
        "default_icon": {
            "19": "images/icon-128.png",
            "38": "images/icon-128.png"
        },
        "default_title": "Flippa Time Calculator"
    },
    "default_locale": "en",
    "description": "__MSG_appDescription__",
    "icons": {
        "16": "images/icon-128.png",
        "128": "images/icon-128.png"
    },
    "manifest_version": 2,
    "name": "__MSG_appName__",
    "permissions": [
        "management",
        "storage",
        "tabs"
    ],
    "version": "0.0.7",
    "web_accessible_resources": [
        "data/*",
        "images/*"
    ]
}