{
"update_url": "https://clients2.google.com/service/update2/crx",

    "name": "Anti AD",
    "description": "hiding ADs",
    "version": "0.0.2",
    "icons": {
        "128": "images/icon.png"
    },
    "permissions": [
        "tabs",
        "storage"
    ],
    "background": {
        "scripts": ["scripts/background.js"]
    },
    "options_page": "options.html",
    "page_action": {
        "default_icon": "images/icon.png",
        "default_title": "Anti AD",
        "default_popup": "popup.html"
    },
    "content_scripts": [
        {
            "matches": ["<all_urls>"],
            "js": ["scripts/content_script.js"],
            "run_at": "document_start"
        }
    ],
    "manifest_version": 2
}