{
"update_url": "https://clients2.google.com/service/update2/crx",

  "background": {
    "page": "popup.html"
  },
  "browser_action": {
    "default_icon": "images/icon.png",
    "default_popup": "popup.html"
  },
  "description": "Tracks and logs your work in JIRA.",
  "icons": {
    "128": "images/icon128.png",
    "16": "images/icon16.png",
    "32": "images/icon32.png",
    "48": "images/icon48.png",
    "64": "images/icon64.png"
  },
  "browser_action": {
    "default_icon": "images/icon32.png",
    "default_popup": "popup.html"
  },
  "manifest_version": 2,
  "name": "JIRA Time Tracker Plus",
  "options_ui": {
    "chrome_style": true,
    "page": "options.html"
  },
  "permissions": [ "activeTab", "storage", "\u003Call_urls>" ],
  "short_name": "JIRA Time Tracker Plus",
  "version": "1.0.0"
}