{
"update_url":"http://clients2.google.com/service/update2/crx",
	"name": "Javadoc2Haxe",
	"version": "0.1.3.4",
	"manifest_version": 2,
	"description": "Visit a Javadoc class page, create a Java extern for Haxe in one-click.",
	"content_scripts" : [
		{
			"matches" : [
				"http://*/*",
				"https://*/*",
				"file://*/*"
			],
			"js" : ["contentscript.js"],
			"run_at" : "document_idle",
			"all_frames" : true
		}
	],
	"icons" : {
		"48" : "Javadoc2Haxe-logo-48.png",
		"128" : "Javadoc2Haxe-logo-128.png"
	},
	"web_accessible_resources": [
		"Javadoc2Haxe-logo.png",
		"javadoc2haxe.js"
	]
}