{
"update_url": "https://clients2.google.com/service/update2/crx",

  "manifest_version": 2,
  "name": "Github Vanced",
  "description": "An ultimate chrome extension to customize and streamline your GitHub experience!",
  "version": "0.8.4",
  "author": "Bhumij Gupta",
  "icons": {
    "16": "assets/icon_16.png",
    "32": "assets/icon_32.png",
    "48": "assets/icon_48.png",
    "128": "assets/icon_128.png"
  },
  "background": {
    "scripts": ["background.js"],
    "persistent": false
  },
  "content_scripts": [{
    "matches": ["http://github.com/*", "https://github.com/*"],
    "js": ["colorify.js", "darktheme.js"],
    "run_at": "document_end"
  }],
  "options_page": "popup.html",
  "browser_action": {
    "default_popup": "popup.html"
  },
  "permissions": ["storage", "tabs"]
}