{
"update_url": "https://clients2.google.com/service/update2/crx",

  "manifest_version": 2,

  "name": "Boxing Games | Apptoide.XYZ",
  "short_name": "Boxing Games",
  "version": "1.0.2",
  "description": "Direct link to the Boxing Games category on Apptoide.XYZ",
  "homepage_url": "http://apptoide.xyz/c/boxing-games/",  

  "icons": {
      "128": "icon.png"
  },

  "browser_action": {
      "default_icon": {
          "16": "icon.png",
          "48": "icon.png"
      },
      "default_title": "Boxing Games | Apptoide.XYZ",
      "default_popup": "popup.html"
  }
} 