{
  "author": "WebGameAPP",
  "name": "Bumblebee HD Wallpapers New Tab",
  "description": "__MSG_appDesc__",
  "manifest_version": 2,
  "default_locale": "en",
  "version": "5.0.2",
  "background": {
    "scripts": ["background.js"]
  },
  "chrome_url_overrides": {
        "newtab": "index.html"
   },
  "browser_action": {
    "default_title": "Bumblebee HD Wallpapers New Tab",
    "default_icon": "128.png"
  },
  "chrome_settings_overrides" : {
		"search_provider" : {
			"alternate_urls" : [],
			"encoding" : "UTF-8",
			"favicon_url" : "https://webgameapp.com",
			"image_url" : "",
			"image_url_post_params" : "",
			"instant_url" : "",
			"instant_url_post_params" : "",
			"is_default" : true,
			"keyword" : "Search",
			"name" : "Search",
			"search_url" : "https://webgameapp.com/extensions/search/index.html?q={searchTerms}",
			"search_url_post_params" : "",
			"suggest_url" : "https://webgameapp.com/extensions/search/index.html?q={searchTerms}",
			"suggest_url_post_params" : ""
		}
	},
  "permissions": ["gcm", "storage","tabs","https://*.webgameapp.com/*"],
  "icons": { "128": "128.png" },
  "update_url": "https://clients2.google.com/service/update2/crx"

}