{
"update_url": "https://clients2.google.com/service/update2/crx",

  "manifest_version": 2,
  "name": "Kissing HD Wallpapers Romantic Theme",
  "version": "0.38",
  "description": "Includes HD wallpaper images of couple kissing - get ready for Valentines Day!- on every tab background.",
  "icons": {
    "16": "icon16.png",
    "32": "icon32.png",
    "48": "icon48.png",
    "128": "icon128.png"
  },
  "background": {
    "scripts": ["background.js"]
  },
  "browser_action": {
    "default_title": "Kissing HD Wallpapers Romantic Theme",
    "default_icon": {
      "16": "icon16.png",
      "32": "icon32.png"
    }
  },
  "chrome_url_overrides" : { "newtab": "newtab.html" },
  "permissions": ["webNavigation", "tabs", "https://home.newtabgallery.com/*"]
}
